const unsigned char gImage_1[30000]={/*4-color*/
0x00,0x00,0x00,0x00,0x00,0x00,0x00,0x00,0x00,0x00,0x00,0x00,0x00,0x00,0x00,0x00,
0x00,0x00,0x00,0x00,0x00,0x00,0x00,0x00,0x00,0x00,0x00,0x00,0x00,0x00,0x00,0x00,
0x00,0x00,0x00,0x00,0x00,0x00,0x00,0x00,0x00,0x00,0x00,0x00,0x00,0x00,0x00,0x00,
0x00,0x00,0x00,0x00,0x00,0x00,0x00,0x00,0x00,0x00,0x00,0x00,0x00,0x00,0x00,0x00,
0x00,0x00,0x00,0x00,0x00,0x00,0x00,0x00,0x00,0x00,0x00,0x00,0x00,0x00,0x00,0x00,
0x00,0x00,0x00,0x00,0x00,0x00,0x00,0x00,0x00,0x00,0x00,0x00,0x00,0x00,0x00,0x00,
0x00,0x00,0x00,0x00,0x00,0x00,0x00,0x00,0x00,0x00,0x00,0x00,0x00,0x00,0x00,0x00,
0x00,0x00,0x00,0x00,0x00,0x00,0x00,0x00,0x00,0x00,0x00,0x00,0x00,0x00,0x00,0x00,
0x00,0x00,0x00,0x00,0x00,0x00,0x00,0x00,0x00,0x00,0x00,0x00,0x00,0x00,0x00,0x00,
0x00,0x00,0x00,0x00,0x00,0x00,0x00,0x00,0x00,0x00,0x00,0x00,0x00,0x00,0x00,0x00,
0x00,0x00,0x00,0x00,0x00,0x00,0x00,0x00,0x00,0x00,0x00,0x00,0x00,0x00,0x00,0x00,
0x00,0x00,0x00,0x00,0x00,0x00,0x00,0x00,0x00,0x00,0x00,0x00,0x00,0x00,0x00,0x00,
0x00,0x00,0x00,0x00,0x00,0x00,0x00,0x00,0x00,0x00,0x00,0x00,0x00,0x00,0x00,0x00,
0x00,0x00,0x00,0x00,0x00,0x00,0x00,0x00,0x00,0x00,0x00,0x00,0x00,0x00,0x00,0x00,
0x00,0x00,0x00,0x00,0x00,0x00,0x00,0x00,0x00,0x00,0x00,0x00,0x00,0x00,0x00,0x00,
0x00,0x00,0x00,0x00,0x00,0x00,0x00,0x00,0x00,0x00,0x00,0x00,0x00,0x00,0x00,0x00,
0x00,0x00,0x00,0x00,0x00,0x00,0x00,0x00,0x00,0x00,0x00,0x00,0x00,0x00,0x00,0x00,
0x00,0x00,0x00,0x00,0x00,0x00,0x00,0x00,0x00,0x00,0x00,0x00,0x00,0x00,0x00,0x00,
0x00,0x00,0x00,0x00,0x00,0x00,0x00,0x00,0x00,0x00,0x00,0x00,0x00,0x00,0x00,0x00,
0x00,0x00,0x00,0x00,0x00,0x00,0x00,0x00,0x00,0x00,0x00,0x00,0x00,0x00,0x00,0x00,
0x00,0x00,0x00,0x00,0x00,0x00,0x00,0x00,0x00,0x00,0x00,0x00,0x00,0x00,0x00,0x00,
0x00,0x00,0x00,0x00,0x00,0x00,0x00,0x00,0x00,0x00,0x00,0x00,0x00,0x00,0x00,0x00,
0x00,0x00,0x00,0x00,0x00,0x00,0x00,0x00,0x00,0x00,0x00,0x00,0x00,0x00,0x00,0x00,
0x00,0x00,0x00,0x00,0x00,0x00,0x00,0x00,0x00,0x00,0x00,0x00,0x00,0x00,0x00,0x00,
0x00,0x00,0x00,0x00,0x00,0x00,0x00,0x00,0x00,0x00,0x00,0x00,0x00,0x00,0x00,0x00,
0x00,0x00,0x00,0x00,0x00,0x00,0x00,0x00,0x00,0x00,0x00,0x00,0x00,0x00,0x00,0x00,
0x00,0x00,0x00,0x00,0x00,0x00,0x00,0x00,0x00,0x00,0x00,0x00,0x00,0x00,0x00,0x00,
0x00,0x00,0x00,0x00,0x00,0x00,0x00,0x00,0x00,0x00,0x00,0x00,0x00,0x00,0x00,0x00,
0x00,0x00,0x00,0x00,0x00,0x00,0x00,0x00,0x00,0x00,0x00,0x00,0x00,0x00,0x00,0x00,
0x00,0x00,0x00,0x00,0x00,0x00,0x00,0x00,0x00,0x00,0x00,0x00,0x00,0x00,0x00,0x00,
0x00,0x00,0x00,0x00,0x00,0x00,0x00,0x00,0x00,0x00,0x00,0x00,0x00,0x00,0x00,0x00,
0x00,0x00,0x00,0x00,0x00,0x00,0x00,0x00,0x00,0x00,0x00,0x00,0x00,0x00,0x00,0x00,
0x00,0x00,0x00,0x00,0x00,0x00,0x00,0x00,0x00,0x00,0x00,0x00,0x00,0x00,0x00,0x00,
0x00,0x00,0x00,0x00,0x00,0x00,0x00,0x00,0x00,0x00,0x00,0x00,0x00,0x00,0x00,0x00,
0x00,0x00,0x00,0x00,0x00,0x00,0x00,0x00,0x00,0x00,0x00,0x00,0x00,0x00,0x00,0x00,
0x00,0x00,0x00,0x00,0x00,0x00,0x00,0x00,0x00,0x00,0x00,0x00,0x00,0x00,0x00,0x00,
0x00,0x00,0x00,0x00,0x00,0x00,0x00,0x00,0x00,0x00,0x00,0x00,0x00,0x00,0x00,0x00,
0x00,0x00,0x00,0x00,0x00,0x00,0x00,0x00,0x00,0x00,0x00,0x00,0x00,0x00,0x00,0x00,
0x00,0x00,0x00,0x00,0x00,0x00,0x00,0x00,0x00,0x00,0x00,0x00,0x00,0x00,0x00,0x00,
0x00,0x00,0x00,0x00,0x00,0x00,0x00,0x00,0x00,0x00,0x00,0x00,0x00,0x00,0x00,0x00,
0x00,0x00,0x00,0x00,0x00,0x00,0x00,0x00,0x00,0x00,0x00,0x00,0x00,0x00,0x00,0x00,
0x00,0x00,0x00,0x00,0x00,0x00,0x00,0x00,0x00,0x00,0x00,0x00,0x00,0x00,0x00,0x00,
0x00,0x00,0x00,0x00,0x00,0x00,0x00,0x00,0x00,0x00,0x00,0x00,0x00,0x00,0x00,0x00,
0x00,0x00,0x00,0x00,0x00,0x00,0x00,0x00,0x00,0x00,0x00,0x00,0x00,0x00,0x00,0x00,
0x00,0x00,0x00,0x00,0x00,0x00,0x00,0x00,0x00,0x00,0x00,0x00,0x00,0x00,0x00,0x00,
0x00,0x00,0x00,0x00,0x00,0x00,0x00,0x00,0x00,0x00,0x00,0x00,0x00,0x00,0x00,0x00,
0x00,0x00,0x00,0x00,0x00,0x00,0x00,0x00,0x00,0x00,0x00,0x00,0x00,0x00,0x00,0x00,
0x00,0x00,0x00,0x00,0x00,0x00,0x00,0x00,0x00,0x00,0x00,0x00,0x00,0x00,0x00,0x00,
0x00,0x00,0x00,0x00,0x00,0x00,0x00,0x00,0x00,0x00,0x00,0x00,0x00,0x00,0x00,0x00,
0x00,0x00,0x00,0x00,0x00,0x00,0x00,0x00,0x00,0x00,0x00,0x00,0x00,0x00,0x00,0x00,
0x00,0x00,0x00,0x00,0x00,0x00,0x00,0x00,0x00,0x00,0x00,0x00,0x00,0x00,0x00,0x00,
0x00,0x00,0x00,0x00,0x00,0x00,0x00,0x00,0x00,0x00,0x00,0x00,0x00,0x00,0x00,0x00,
0x00,0x00,0x00,0x00,0x00,0x00,0x00,0x00,0x00,0x00,0x00,0x00,0x00,0x00,0x00,0x00,
0x00,0x00,0x00,0x00,0x00,0x00,0x00,0x00,0x00,0x00,0x00,0x00,0x00,0x00,0x00,0x00,
0x00,0x00,0x00,0x00,0x00,0x00,0x00,0x00,0x00,0x00,0x00,0x00,0x00,0x00,0x00,0x00,
0x00,0x00,0x00,0x00,0x00,0x00,0x00,0x00,0x00,0x00,0x00,0x00,0x00,0x00,0x00,0x00,
0x00,0x00,0x00,0x00,0x00,0x00,0x00,0x00,0x00,0x00,0x00,0x00,0x00,0x00,0x00,0x00,
0x00,0x00,0x00,0x00,0x00,0x00,0x00,0x00,0x00,0x00,0x00,0x00,0x00,0x00,0x00,0x00,
0x00,0x00,0x00,0x00,0x00,0x00,0x00,0x00,0x00,0x00,0x00,0x00,0x00,0x00,0x00,0x00,
0x00,0x00,0x00,0x00,0x00,0x00,0x00,0x00,0x00,0x00,0x00,0x00,0x00,0x00,0x00,0x00,
0x00,0x00,0x00,0x00,0x00,0x00,0x00,0x00,0x00,0x00,0x00,0x00,0x00,0x00,0x00,0x00,
0x00,0x00,0x00,0x00,0x00,0x00,0x00,0x00,0x00,0x00,0x00,0x00,0x00,0x00,0x00,0x00,
0x00,0x00,0x00,0x00,0x00,0x00,0x00,0x00,0x00,0x00,0x00,0x00,0x00,0x00,0x00,0x00,
0x00,0x00,0x00,0x00,0x00,0x00,0x00,0x00,0x00,0x00,0x00,0x00,0x00,0x00,0x00,0x00,
0x00,0x00,0x00,0x00,0x00,0x00,0x00,0x00,0x00,0x00,0x00,0x00,0x00,0x00,0x00,0x00,
0x00,0x00,0x00,0x00,0x00,0x00,0x00,0x00,0x00,0x00,0x00,0x00,0x00,0x00,0x00,0x00,
0x00,0x00,0x00,0x00,0x00,0x00,0x00,0x00,0x00,0x00,0x00,0x00,0x00,0x00,0x00,0x00,
0x00,0x00,0x00,0x00,0x00,0x00,0x00,0x00,0x00,0x00,0x00,0x00,0x00,0x00,0x00,0x00,
0x00,0x00,0x00,0x00,0x00,0x00,0x00,0x00,0x00,0x00,0x00,0x00,0x00,0x00,0x00,0x00,
0x00,0x00,0x00,0x00,0x00,0x00,0x00,0x00,0x00,0x00,0x00,0x00,0x00,0x00,0x00,0x00,
0x00,0x00,0x00,0x00,0x00,0x00,0x00,0x00,0x00,0x00,0x00,0x00,0x00,0x00,0x00,0x00,
0x00,0x00,0x00,0x00,0x00,0x00,0x00,0x00,0x00,0x00,0x00,0x00,0x00,0x00,0x00,0x00,
0x00,0x00,0x00,0x00,0x00,0x00,0x00,0x00,0x00,0x00,0x00,0x00,0x00,0x00,0x00,0x00,
0x00,0x00,0x00,0x00,0x00,0x00,0x00,0x00,0x00,0x00,0x00,0x00,0x00,0x00,0x00,0x00,
0x00,0x00,0x00,0x00,0x00,0x00,0x00,0x00,0x00,0x00,0x00,0x00,0x00,0x00,0x00,0x00,
0x00,0x00,0x00,0x00,0x00,0x00,0x00,0x00,0x00,0x00,0x00,0x00,0x00,0x00,0x00,0x00,
0x00,0x00,0x00,0x00,0x00,0x00,0x00,0x00,0x00,0x00,0x00,0x00,0x00,0x00,0x00,0x00,
0x00,0x00,0x00,0x00,0x00,0x00,0x00,0x00,0x00,0x00,0x00,0x00,0x00,0x00,0x00,0x00,
0x00,0x00,0x00,0x00,0x00,0x00,0x00,0x00,0x00,0x00,0x00,0x00,0x00,0x00,0x00,0x00,
0x00,0x00,0x00,0x00,0x00,0x00,0x00,0x00,0x00,0x00,0x00,0x00,0x00,0x00,0x00,0x00,
0x00,0x00,0x00,0x00,0x00,0x00,0x00,0x00,0x00,0x00,0x00,0x00,0x00,0x00,0x00,0x00,
0x00,0x00,0x00,0x00,0x00,0x00,0x00,0x00,0x00,0x00,0x00,0x00,0x00,0x00,0x00,0x00,
0x00,0x00,0x00,0x00,0x00,0x00,0x00,0x00,0x00,0x00,0x00,0x00,0x00,0x00,0x00,0x00,
0x00,0x00,0x00,0x00,0x00,0x00,0x00,0x00,0x00,0x00,0x00,0x00,0x00,0x00,0x00,0x00,
0x00,0x00,0x00,0x00,0x00,0x00,0x00,0x00,0x00,0x00,0x00,0x00,0x00,0x00,0x00,0x00,
0x00,0x00,0x00,0x00,0x00,0x00,0x00,0x00,0x00,0x00,0x00,0x00,0x00,0x00,0x00,0x00,
0x00,0x00,0x00,0x00,0x00,0x00,0x00,0x00,0x00,0x00,0x00,0x00,0x00,0x00,0x00,0x00,
0x00,0x00,0x00,0x00,0x00,0x00,0x00,0x00,0x00,0x00,0x00,0x00,0x00,0x00,0x00,0x00,
0x00,0x00,0x00,0x00,0x00,0x00,0x00,0x00,0x00,0x00,0x00,0x00,0x00,0x00,0x00,0x00,
0x00,0x00,0x00,0x00,0x00,0x00,0x00,0x00,0x00,0x00,0x00,0x00,0x00,0x00,0x00,0x10,
0x00,0x00,0x00,0x00,0x00,0x00,0x00,0x00,0x00,0x00,0x00,0x00,0x00,0x00,0x00,0x00,
0x00,0x00,0x00,0x00,0x00,0x00,0x00,0x00,0x00,0x00,0x9A,0x24,0x00,0x00,0x00,0x00,
0x00,0x00,0x00,0x00,0x00,0x00,0x01,0x1A,0xAE,0xFF,0xBF,0xBE,0xEA,0x80,0x00,0x00,
0x00,0x00,0x00,0x00,0x00,0x00,0x00,0x00,0x00,0x00,0x00,0x00,0x00,0x00,0x00,0x00,
0x00,0x00,0x00,0x00,0x00,0x00,0x00,0x00,0x00,0x00,0x00,0x00,0x00,0x00,0x00,0x00,
0x00,0x00,0x00,0x00,0x00,0x00,0x00,0x00,0x00,0x00,0x00,0x00,0x00,0x00,0x00,0x00,
0x00,0x00,0x00,0xA0,0x00,0x00,0x00,0x00,0x00,0x00,0x00,0x00,0x00,0x00,0x00,0x00,
0x00,0x00,0x00,0x00,0x00,0x00,0x00,0x00,0x00,0x00,0x00,0x00,0xBB,0xFF,0xFE,0xFF,
0xFB,0xBB,0xBB,0xBA,0xEA,0xAA,0xA6,0xAA,0xAA,0xEE,0xEF,0xBB,0xBA,0x92,0x04,0x6A,
0xEE,0xFE,0xEE,0xEA,0xAA,0xEA,0xEB,0xBA,0x00,0x3F,0xBE,0xC0,0x00,0x00,0x00,0x00,
0x00,0x00,0x00,0x00,0x00,0x00,0x00,0x00,0x00,0x00,0x00,0x00,0x00,0x00,0x00,0x00,
0x00,0x00,0x00,0x00,0x00,0x00,0x00,0x00,0x00,0x00,0x00,0x00,0x00,0x00,0x00,0x00,
0x00,0x00,0x00,0x00,0x00,0x00,0x02,0xA3,0x00,0x00,0x00,0x00,0x00,0x80,0x00,0x00,
0x00,0x00,0x00,0x00,0x00,0x00,0x00,0x00,0x00,0x00,0x00,0x00,0x00,0x00,0x00,0x41,
0xA0,0x00,0x00,0x00,0x00,0x00,0x08,0x6E,0xAF,0xBB,0xBF,0xFF,0xBB,0xA9,0x80,0x00,
0x00,0x00,0x00,0x00,0x00,0x00,0x1A,0xBB,0xBB,0xBF,0xBA,0xA6,0x00,0x00,0x00,0xB4,
0x00,0x00,0x00,0x00,0x00,0x00,0x00,0x00,0x00,0x00,0x00,0x00,0x00,0x00,0x00,0x00,
0x00,0x00,0x00,0x00,0x00,0x00,0x00,0x00,0x00,0x00,0x00,0x00,0x00,0x00,0x00,0x00,
0x00,0x00,0x00,0x00,0x00,0x00,0x00,0x00,0x00,0x00,0x02,0x83,0xC0,0x00,0x00,0x00,
0x02,0x80,0x00,0x00,0x00,0x00,0x00,0x00,0x00,0x00,0x00,0x00,0x00,0x00,0x00,0x00,
0x00,0x00,0x02,0x40,0x00,0x00,0x00,0x00,0x00,0x00,0x00,0x00,0x00,0x00,0x00,0x00,
0x00,0x00,0x00,0x00,0x00,0x00,0x00,0x00,0x00,0x00,0x00,0x00,0x00,0x00,0x00,0x00,
0x00,0x00,0x00,0x00,0x00,0x00,0x00,0x00,0x00,0x00,0x00,0x00,0x00,0x00,0x00,0x00,
0x00,0x00,0x00,0x00,0x00,0x00,0x00,0x00,0x00,0x00,0x00,0x00,0x00,0x00,0x00,0x00,
0x00,0x00,0x00,0x00,0x00,0x00,0x00,0x00,0x00,0x00,0x00,0x00,0x00,0x00,0x0A,0x00,
0xC0,0x00,0x00,0x00,0x2A,0x0C,0x00,0x00,0x00,0x00,0x00,0x00,0x00,0x00,0x00,0x00,
0x00,0x00,0x00,0x00,0x00,0x00,0x00,0x00,0x00,0x00,0x00,0x00,0x00,0x00,0x00,0x00,
0x00,0x00,0x00,0x00,0x00,0x00,0x00,0x00,0x00,0x00,0x00,0x00,0x00,0x00,0x00,0x00,
0x00,0x00,0x00,0x00,0x00,0x00,0x00,0x02,0xC0,0x00,0x00,0x00,0x00,0x00,0x00,0x00,
0x00,0x00,0x00,0x00,0x00,0x00,0x00,0x00,0x00,0x00,0x00,0x00,0x00,0x00,0x00,0x00,
0x00,0x00,0x00,0x00,0x00,0x00,0x00,0x00,0x00,0x00,0x00,0x00,0x00,0x00,0x00,0x00,
0x00,0x00,0x0A,0x00,0xC0,0x00,0x00,0x00,0xA8,0x0C,0x00,0x00,0x00,0x00,0x00,0x00,
0x00,0x00,0x00,0x00,0x00,0x00,0x00,0x00,0x00,0x00,0x04,0x00,0x00,0x00,0x00,0x00,
0x00,0x00,0x00,0x00,0x00,0x00,0x00,0x00,0x00,0x00,0x00,0x00,0x00,0x00,0x00,0x00,
0x00,0x00,0x00,0x00,0x00,0x00,0x00,0x00,0x00,0x00,0x00,0x00,0xB0,0x00,0x00,0x00,
0x00,0x00,0x00,0x00,0x00,0x00,0x00,0x00,0x00,0x00,0x00,0x00,0x00,0x00,0x00,0x00,
0x00,0x00,0x00,0x00,0x00,0x00,0x00,0x00,0x00,0x00,0x00,0x00,0x00,0x00,0x00,0x00,
0x00,0x00,0x30,0x00,0x00,0x00,0x28,0x00,0xF0,0x00,0x00,0x00,0xA0,0x0C,0x00,0x00,
0x00,0x00,0x00,0x00,0x00,0x00,0x00,0x00,0x00,0x00,0x00,0x00,0x00,0x00,0x0C,0x00,
0x00,0x00,0x00,0x00,0x08,0x00,0x00,0x00,0x00,0x00,0x00,0x00,0x00,0x00,0x00,0x00,
0x00,0x00,0x00,0x00,0x00,0x00,0x00,0x00,0x00,0x00,0x00,0x00,0x00,0x00,0x00,0x00,
0x20,0x00,0x00,0x00,0x00,0x00,0x00,0x00,0x00,0x00,0x00,0x00,0x00,0x00,0x00,0x00,
0x00,0x00,0x00,0x00,0x00,0x00,0x00,0x00,0x00,0x00,0x00,0x00,0x00,0x00,0x00,0x00,
0x00,0x00,0x00,0x00,0x00,0x00,0xCC,0x00,0x00,0x00,0x28,0x00,0xF0,0x00,0x00,0x02,
0x80,0x0C,0x00,0x00,0x0C,0x00,0x00,0x00,0x00,0x00,0x00,0x00,0x00,0x00,0x00,0x00,
0x00,0x00,0x08,0x00,0x00,0xE0,0x02,0x80,0x38,0x00,0x00,0x00,0x00,0x00,0x00,0x00,
0x00,0x00,0x00,0x00,0x00,0x00,0x00,0x00,0x00,0x00,0x00,0x00,0x00,0x00,0x00,0x00,
0x00,0x00,0x00,0x00,0x00,0x00,0x00,0x00,0x00,0x00,0x00,0x00,0x00,0x00,0x00,0x00,
0x00,0x00,0x00,0x00,0x00,0x00,0x00,0x00,0x00,0x00,0x00,0x00,0x00,0x00,0x00,0x00,
0x00,0x00,0x00,0x00,0x00,0x00,0x00,0x00,0x00,0x03,0xCF,0x00,0x00,0x00,0xA0,0x00,
0x30,0x00,0x00,0x0A,0x00,0x0C,0x00,0x00,0xFA,0x00,0x00,0x00,0x00,0x00,0x00,0x00,
0x00,0x00,0x00,0x00,0x00,0x00,0x0C,0x00,0x03,0x80,0x0B,0x00,0xD0,0x00,0x00,0x00,
0x00,0x00,0x00,0x00,0x00,0x00,0x00,0x00,0x00,0x00,0x00,0x00,0x00,0x00,0x00,0x00,
0x00,0x00,0x00,0x00,0x00,0x00,0x00,0x00,0x00,0x00,0x00,0x00,0x00,0x00,0x00,0x00,
0x00,0x00,0x00,0x00,0x00,0x00,0x00,0x00,0x00,0x00,0x00,0x00,0x00,0x00,0x00,0x00,
0x00,0x00,0x00,0x00,0x00,0x00,0x00,0x00,0x00,0x00,0x00,0x00,0x00,0x03,0x03,0xC0,
0x00,0x00,0xA0,0x00,0x3C,0x00,0x00,0x28,0x00,0x0C,0x00,0x03,0xEB,0xC0,0x00,0x00,
0x00,0x00,0x00,0x00,0x00,0x00,0x00,0x00,0x00,0x00,0x0C,0x00,0x0E,0x01,0x2C,0x03,
0x40,0x00,0x00,0x00,0x00,0x00,0x00,0x00,0x00,0x00,0x00,0x00,0x00,0x00,0x00,0x00,
0x00,0x00,0x00,0x00,0x00,0x00,0x00,0x00,0x00,0x00,0x00,0x00,0x00,0x00,0x00,0x00,
0x00,0x00,0x00,0x00,0x00,0x00,0x00,0x00,0x00,0x00,0x00,0x00,0x00,0x00,0x00,0x00,
0x00,0x00,0x00,0x00,0x00,0x00,0x00,0x00,0x00,0x00,0x00,0x00,0x00,0x00,0x00,0x00,
0x00,0x0F,0x00,0xC0,0x00,0x00,0xA0,0x00,0x3C,0x00,0x00,0x68,0x00,0x0C,0x00,0x3E,
0xAB,0xC0,0x00,0x00,0x00,0x00,0x00,0x00,0x00,0x00,0x00,0x00,0x00,0x00,0x0C,0x00,
0x38,0x08,0xE0,0x0E,0x00,0x00,0x00,0x00,0x00,0x00,0x00,0x00,0x00,0x00,0x00,0x00,
0x00,0x00,0x00,0x00,0x00,0x00,0x00,0x00,0x00,0x00,0x00,0x00,0x00,0x00,0x00,0x00,
0x20,0x00,0x00,0x00,0x00,0x00,0x00,0x00,0x00,0x00,0x00,0x00,0x00,0x00,0x00,0x00,
0x00,0x00,0x00,0x00,0x00,0x00,0x00,0x00,0x00,0x00,0x00,0x00,0x00,0x00,0x00,0x00,
0x00,0x00,0x00,0x00,0x00,0x0C,0x00,0xF0,0x00,0x02,0x80,0x00,0x0C,0x00,0x00,0xA0,
0x00,0x0C,0x00,0xFA,0xAB,0xC0,0x00,0x00,0x00,0x00,0x00,0x00,0x00,0x00,0x00,0x00,
0x00,0x00,0x1C,0x00,0x00,0x23,0x80,0x30,0x00,0x00,0x00,0x00,0x00,0x00,0x00,0x00,
0x00,0x00,0x00,0x00,0x00,0x00,0x00,0x00,0x00,0x00,0x00,0x00,0x00,0x00,0x00,0x00,
0x00,0x00,0x00,0x00,0x38,0x00,0x00,0x00,0x00,0x00,0x00,0x00,0x00,0x00,0x00,0x00,
0x00,0x00,0x00,0x00,0x00,0x00,0x00,0x00,0x00,0x00,0x00,0x00,0x00,0x00,0x00,0x00,
0x00,0x00,0x00,0x00,0x00,0x00,0x00,0x00,0x00,0x0C,0x00,0x3C,0x00,0x02,0x80,0x00,
0x0F,0x00,0x02,0x80,0x00,0x0C,0x03,0xEA,0xAB,0xC0,0x00,0x00,0x00,0x00,0x00,0x00,
0x00,0x00,0x00,0x00,0x00,0x00,0x0C,0x00,0x00,0x4E,0x00,0xD0,0x00,0x00,0x00,0x00,
0x00,0x00,0x00,0x00,0x00,0x00,0x00,0x00,0x00,0x00,0x00,0x00,0x00,0x00,0x00,0x00,
0x00,0x00,0x00,0x00,0x00,0x00,0x00,0x00,0x28,0x00,0x00,0x00,0x00,0x00,0x00,0x00,
0x00,0x00,0x00,0x00,0x00,0x00,0x00,0x00,0x00,0x00,0x00,0x00,0x00,0x00,0x00,0x00,
0x00,0x00,0x00,0x00,0x00,0x00,0x00,0x00,0x00,0x00,0x00,0x00,0x00,0x0C,0x00,0x0C,
0x00,0x02,0x80,0x00,0x0F,0x00,0x02,0x80,0x00,0x0F,0x0F,0xAA,0xAB,0xC0,0x00,0x00,
0x00,0x00,0x00,0x00,0x00,0x00,0x00,0x00,0x00,0x00,0x2C,0x00,0x00,0x38,0x07,0x00,
0x00,0x00,0x00,0x00,0x00,0x00,0x00,0x00,0x00,0x00,0x00,0x00,0x00,0x00,0x00,0x00,
0x00,0x00,0x00,0x00,0x00,0x00,0x00,0x00,0x00,0x00,0x00,0x00,0x38,0x00,0x00,0x00,
0x00,0x00,0x00,0x00,0x00,0x00,0x00,0x00,0x00,0x00,0x00,0x00,0x00,0x00,0x00,0x00,
0x00,0x00,0x00,0x00,0x00,0x00,0x00,0x00,0x00,0x00,0x00,0x00,0x00,0x00,0x00,0x00,
0x00,0x0C,0x00,0x0F,0x00,0x02,0x80,0x00,0x03,0x00,0x0B,0x00,0x00,0x0F,0x3E,0xAA,
0xAB,0xC0,0x00,0x00,0x00,0x00,0x00,0x00,0x00,0x00,0x00,0x00,0x00,0x00,0x1C,0x00,
0x00,0xE0,0x2C,0x00,0x00,0x00,0x00,0x00,0x00,0x00,0x00,0x00,0x00,0x00,0x00,0x00,
0x00,0x00,0x00,0x00,0x00,0x00,0x00,0x00,0x00,0x00,0x00,0x00,0x00,0x00,0x00,0x00,
0x38,0x00,0x00,0x00,0x00,0x00,0x00,0x00,0x00,0x00,0x00,0x00,0x00,0x00,0x00,0x00,
0x00,0x00,0x00,0x00,0x00,0x00,0x00,0x00,0x00,0x00,0x00,0x00,0x00,0x00,0x00,0x00,
0x00,0x00,0x00,0x00,0x00,0x3C,0x00,0x03,0xC0,0x02,0x80,0x18,0x03,0xC0,0x0C,0x00,
0x00,0x0F,0xFA,0xAA,0xAB,0x80,0x00,0x00,0x00,0x00,0x00,0x00,0x00,0x00,0x00,0x00,
0x00,0x00,0x2C,0x00,0x03,0x80,0xB0,0x00,0x00,0x00,0x00,0x00,0x00,0x00,0x00,0x00,
0x00,0x00,0x00,0x00,0x00,0x00,0x00,0x00,0x00,0x00,0x00,0x00,0x00,0x00,0x00,0x00,
0x00,0x00,0x00,0x00,0x34,0x00,0x00,0x00,0x00,0x00,0x00,0x00,0x00,0x00,0x00,0x00,
0x00,0x00,0x00,0x00,0x00,0x00,0x00,0x00,0x00,0x00,0x00,0x00,0x00,0x00,0x00,0x00,
0x00,0x00,0x00,0x00,0x00,0x00,0x00,0x00,0x00,0x1C,0x00,0x00,0xF0,0x02,0x80,0x08,
0x03,0xC0,0x0C,0x00,0x00,0x0B,0xFA,0xAA,0xAB,0xC0,0x00,0x00,0x00,0x00,0x00,0x00,
0x00,0x00,0x00,0x00,0x00,0x00,0x1C,0x00,0x09,0x01,0xC0,0x00,0x00,0x00,0x00,0x00,
0x00,0x00,0x00,0x00,0x00,0x00,0x00,0x00,0x00,0x00,0x00,0x00,0x00,0x00,0x00,0x00,
0x00,0x00,0x00,0x00,0x00,0x00,0x00,0x00,0x38,0x00,0x00,0x00,0x00,0x00,0x00,0x00,
0x00,0x00,0x00,0x00,0x00,0x00,0x00,0x00,0x00,0x00,0x00,0x00,0x00,0x00,0x00,0x00,
0x00,0x00,0x00,0x00,0x00,0x00,0x00,0x00,0x00,0x00,0x00,0x00,0x00,0x3C,0x00,0x00,
0x38,0x0A,0x02,0x2A,0x00,0xC0,0x3C,0x00,0x00,0x03,0xEA,0xAA,0xAB,0x00,0x00,0x3F,
0x00,0x00,0x00,0x00,0x00,0x00,0x00,0x00,0x00,0x00,0x2C,0x00,0x34,0x0B,0x00,0x00,
0x00,0x00,0x00,0x00,0x00,0x00,0x00,0x00,0x00,0x00,0x00,0x00,0x00,0x00,0x00,0x00,
0x00,0x00,0x00,0x00,0x00,0x00,0x00,0x00,0x00,0x00,0x00,0x00,0x30,0x00,0x00,0x00,
0x00,0x00,0x00,0x00,0x00,0x00,0x00,0x00,0x00,0x00,0x00,0x00,0x00,0x00,0x00,0x00,
0x00,0x00,0x00,0x00,0x00,0x00,0x00,0x00,0x00,0x00,0x00,0x00,0x00,0x00,0x00,0x00,
0x00,0x3C,0x01,0x00,0x3C,0x0A,0x02,0x9A,0x00,0xF0,0x30,0x00,0x00,0x03,0xAA,0xAA,
0xAB,0x00,0x03,0xFC,0xF0,0x00,0x00,0x00,0x00,0x00,0x00,0x00,0x00,0x00,0x28,0x00,
0x80,0x2C,0x00,0x00,0x00,0x00,0x00,0x00,0x00,0x00,0x00,0x00,0x00,0x00,0x00,0x00,
0x00,0x00,0x00,0x00,0x00,0x00,0x00,0x00,0x00,0x00,0x00,0x00,0x00,0x00,0x00,0x00,
0x38,0x00,0x00,0x00,0x00,0x00,0x00,0x00,0x00,0x00,0x00,0x00,0x00,0x00,0x00,0x00,
0x00,0x00,0x00,0x00,0x00,0x00,0x00,0x00,0x00,0x00,0x00,0x00,0x00,0x00,0x00,0x00,
0x00,0x2B,0xC0,0x00,0x00,0x3C,0x00,0x00,0x0F,0x07,0x02,0x2A,0x00,0xF0,0xF0,0x00,
0x00,0x0B,0xAA,0xAA,0xAB,0x00,0x3F,0x00,0xC0,0x00,0x00,0x00,0x00,0x00,0x00,0x00,
0x00,0x00,0x2C,0x03,0x40,0xB0,0x00,0x00,0x00,0x00,0x00,0x00,0x00,0x00,0x00,0x00,
0x00,0x00,0x00,0x00,0x00,0x00,0x00,0x00,0x00,0x00,0x00,0x00,0x00,0x00,0x00,0x00,
0x00,0x00,0x00,0x00,0x30,0x00,0x00,0x00,0x00,0x00,0x00,0x00,0x00,0x00,0x00,0x00,
0x00,0x00,0x00,0x00,0x00,0x00,0x00,0x00,0x00,0x00,0x00,0x00,0x00,0x00,0x00,0x00,
0x00,0x00,0x00,0x00,0x00,0x28,0xFC,0x00,0x00,0x3C,0x00,0x80,0x03,0xCA,0x02,0x6A,
0x00,0x30,0xF0,0x00,0x00,0x03,0xAA,0xAA,0xAB,0x03,0xF0,0x03,0xC0,0x00,0x00,0x00,
0x00,0x00,0x00,0x00,0x00,0x00,0x2C,0x04,0x02,0xC0,0x00,0x00,0x00,0x00,0x00,0x00,
0x00,0x00,0x00,0x00,0x00,0x00,0x00,0x00,0x00,0x00,0x00,0x00,0x00,0x00,0x00,0x00,
0x00,0x00,0x00,0x00,0x00,0x00,0x00,0x00,0x34,0x00,0x00,0x00,0x00,0x00,0x00,0x00,
0x00,0x00,0x00,0x00,0x00,0x00,0x00,0x00,0x00,0x00,0x00,0x00,0x00,0x00,0x00,0x00,
0x00,0x00,0x00,0x00,0x00,0x00,0x00,0x00,0x00,0x28,0x0F,0xC0,0x00,0x3C,0x00,0x89,
0x00,0xC2,0x02,0x9A,0x80,0x3C,0xC0,0x00,0x00,0x03,0xEA,0xAA,0xAB,0x3F,0x00,0x03,
0x00,0x00,0x00,0x00,0x00,0x00,0x00,0x00,0x00,0x00,0x2C,0x00,0x0B,0x00,0x00,0x00,
0x00,0x00,0x00,0x00,0x00,0x00,0x00,0x00,0x00,0x00,0x00,0x00,0x00,0x00,0x00,0x00,
0x00,0x00,0x00,0x00,0x00,0x00,0x00,0x00,0x00,0x00,0x00,0x00,0x20,0x00,0x00,0x00,
0x00,0x00,0x00,0x00,0x00,0x00,0x00,0x00,0x00,0x00,0x00,0x00,0x00,0x00,0x00,0x00,
0x00,0x00,0x00,0x00,0x00,0x00,0x00,0x00,0x00,0x00,0x00,0x00,0x00,0x28,0x03,0xF0,
0x00,0x0C,0x00,0x8A,0x00,0xF2,0x02,0xAA,0x82,0x3C,0xC0,0x00,0x00,0x03,0xEA,0xAA,
0xAB,0xFC,0x00,0x0F,0x00,0x00,0x00,0x00,0x00,0x00,0x00,0x00,0x00,0x00,0x28,0x00,
0x0C,0x00,0x00,0x00,0x00,0x00,0x00,0x00,0x00,0x00,0x00,0x00,0x00,0x00,0x00,0x00,
0x00,0x00,0x00,0x00,0x00,0x00,0x00,0x00,0x00,0x00,0x00,0x00,0x00,0x00,0x00,0x00,
0x34,0x00,0x00,0x00,0x00,0x00,0x00,0x00,0x00,0x00,0x00,0x00,0x00,0x00,0x00,0x00,
0x00,0x00,0x00,0x00,0x00,0x00,0x00,0x00,0x00,0x00,0x00,0x00,0x00,0x00,0x00,0x00,
0x00,0x29,0x00,0x3C,0x00,0x3C,0x00,0x26,0x80,0x3E,0x42,0x8A,0x8A,0x8F,0xC0,0x00,
0x00,0x03,0xEA,0xAA,0xAF,0xC0,0x00,0x0F,0x00,0x00,0x00,0x00,0x00,0x00,0x00,0x00,
0x00,0x00,0x2C,0x00,0x00,0x00,0x00,0x00,0x00,0x00,0x00,0x00,0x00,0x00,0x00,0x00,
0x00,0x00,0x00,0x00,0x00,0x00,0x00,0x00,0x00,0x00,0x00,0x00,0x00,0x00,0x00,0x00,
0x00,0x00,0x00,0x00,0x30,0x00,0x00,0x00,0x00,0x00,0x00,0x00,0x00,0x00,0x00,0x00,
0x00,0x00,0x00,0x00,0x00,0x00,0x00,0x00,0x00,0x00,0x00,0x00,0x00,0x00,0x00,0x00,
0x00,0x00,0x00,0x00,0x00,0x2A,0x00,0x0F,0xC0,0x0C,0x00,0x22,0xA0,0x0E,0x82,0x8A,
0x86,0x8F,0xC0,0x00,0x00,0x03,0xEA,0xAA,0xBF,0x00,0x00,0x3C,0x00,0x00,0x00,0x00,
0x00,0x00,0x00,0x00,0x00,0x00,0x28,0x00,0x00,0x00,0x00,0x00,0x00,0x00,0x00,0x00,
0x00,0x00,0x00,0x00,0x00,0x00,0x00,0x00,0x00,0x00,0x00,0x00,0x00,0x00,0x00,0x00,
0x00,0x00,0x00,0x00,0x00,0x00,0x00,0x00,0x30,0x00,0x00,0x00,0x00,0x00,0x00,0x00,
0x00,0x00,0x00,0x00,0x00,0x00,0x00,0x00,0x00,0x00,0x00,0x00,0x00,0x00,0x00,0x00,
0x00,0x00,0x00,0x00,0x00,0x00,0x00,0x00,0x00,0x0A,0x00,0x03,0xF0,0x0C,0x00,0x2A,
0xA8,0x0F,0x82,0x8A,0xA2,0x9F,0xC0,0x00,0x00,0x03,0xEA,0xAA,0xF0,0x00,0x00,0x3C,
0x00,0x00,0x00,0x00,0x00,0x00,0x00,0x00,0x00,0x00,0x2C,0x00,0x00,0x00,0x00,0x00,
0x00,0x00,0x00,0x00,0x00,0x00,0x00,0x00,0x00,0x00,0x00,0x00,0x00,0x00,0x00,0x00,
0x00,0x00,0x00,0x00,0x00,0x00,0x00,0x00,0x00,0x00,0x00,0x00,0x20,0x00,0x00,0x00,
0x00,0x00,0x00,0x00,0x00,0x00,0x00,0x00,0x00,0x00,0x00,0x00,0x00,0x00,0x00,0x00,
0x00,0x00,0x00,0x00,0x00,0x00,0x00,0x00,0x00,0x00,0x00,0x00,0x00,0x0A,0x00,0x00,
0x3C,0x0F,0x00,0x1A,0xA8,0x03,0x81,0x8A,0xA2,0xA3,0x00,0x00,0x00,0x03,0xEA,0xAB,
0xC0,0x00,0x00,0x3C,0x00,0x00,0x00,0x00,0x00,0x00,0x00,0x00,0x00,0x00,0x2C,0x00,
0x00,0x00,0x00,0x00,0x00,0x00,0x00,0x00,0x00,0x00,0x00,0x00,0x00,0x00,0x00,0x00,
0x00,0x00,0x00,0x00,0x00,0x00,0x00,0x00,0x00,0x00,0x00,0x00,0x00,0x00,0x00,0x00,
0x30,0x00,0x00,0x00,0x00,0x00,0x00,0x00,0x00,0x00,0x00,0x00,0x00,0x00,0x00,0x00,
0x00,0x00,0x00,0x00,0x00,0x00,0x00,0x00,0x00,0x00,0x00,0x00,0x00,0x00,0x00,0x00,
0x00,0x0A,0x00,0x00,0x0F,0x0F,0x01,0x0A,0xAA,0x03,0x8A,0xAA,0xAA,0xA3,0xC0,0x00,
0x00,0x03,0xEA,0xAF,0x00,0x00,0x00,0xB0,0x00,0x00,0x00,0x00,0x00,0x00,0x00,0x00,
0x00,0x00,0x2C,0x00,0x00,0x00,0x00,0x00,0x00,0x00,0x00,0x00,0x00,0x00,0x00,0x00,
0x00,0x00,0x00,0x00,0x00,0x00,0x00,0x00,0x00,0x00,0x00,0x00,0x00,0x00,0x00,0x00,
0x00,0x00,0x00,0x00,0x70,0x00,0x00,0x00,0x00,0x00,0x00,0x00,0x00,0x00,0x00,0x00,
0x00,0x00,0x00,0x00,0x00,0x00,0x00,0x00,0x00,0x00,0x00,0x00,0x00,0x00,0x00,0x00,
0x00,0x00,0x00,0x00,0x00,0x0A,0x80,0x00,0x03,0xCF,0x02,0x0A,0xAA,0x83,0xCA,0xAA,
0xAA,0xAB,0x40,0x02,0x08,0x03,0xEA,0xBC,0x00,0x00,0x00,0xF0,0x00,0x00,0x00,0x00,
0x00,0x00,0x00,0x00,0x00,0x00,0x28,0x00,0x00,0x00,0x00,0x00,0x00,0x00,0x00,0x00,
0x00,0x00,0x00,0x00,0x00,0x00,0x00,0x00,0x00,0x00,0x00,0x00,0x00,0x00,0x00,0x00,
0x00,0x00,0x00,0x00,0x00,0x00,0x00,0x00,0xB0,0x00,0x00,0x00,0x00,0x00,0x00,0x00,
0x00,0x00,0x00,0x00,0x00,0x00,0x00,0x00,0x00,0x00,0x00,0x00,0x00,0x00,0x00,0x00,
0x00,0x00,0x00,0x00,0x00,0x00,0x00,0x00,0x00,0x02,0x80,0x00,0x00,0xF3,0x02,0x8A,
0xAA,0xA3,0xCA,0xAA,0xAA,0xAB,0x00,0x02,0x08,0x03,0xEA,0xF0,0x00,0x00,0x00,0xF0,
0x00,0x00,0x00,0x00,0x00,0x00,0x00,0x00,0x00,0x00,0x2C,0x00,0x00,0x00,0x00,0x00,
0x00,0x00,0x00,0x00,0x00,0x00,0x00,0x00,0x00,0x00,0x00,0x00,0x00,0x00,0x00,0x00,
0x00,0x00,0x00,0x00,0x00,0x00,0x00,0x00,0x00,0x00,0x00,0x00,0xB0,0x00,0x00,0x00,
0x00,0x00,0x00,0x00,0x00,0x00,0x00,0x00,0x00,0x00,0x00,0x00,0x00,0x00,0x00,0x00,
0x00,0x00,0x00,0x00,0x00,0x00,0x00,0x00,0x00,0x00,0x00,0x00,0x00,0x02,0x80,0x00,
0x00,0x3F,0xC2,0x86,0xAA,0xA0,0xCA,0xAA,0xAA,0xAB,0xC0,0x02,0x08,0x03,0xAB,0xC0,
0x00,0x00,0x00,0xC0,0x00,0x00,0x00,0x00,0x00,0x00,0x00,0x00,0x00,0x00,0x2C,0x00,
0x00,0x00,0x00,0x00,0x00,0x00,0x00,0x00,0x00,0x00,0x00,0x00,0x00,0x00,0x00,0x00,
0x00,0x00,0x00,0x00,0x00,0x00,0x00,0x00,0x00,0x00,0x00,0x00,0x00,0x00,0x00,0x00,
0xA0,0x00,0x00,0x00,0x00,0x00,0x00,0x00,0x00,0x00,0x00,0x00,0x00,0x00,0x00,0x00,
0x00,0x00,0x00,0x00,0x00,0x00,0x00,0x00,0x00,0x00,0x00,0x00,0x00,0x00,0x00,0x00,
0x00,0x02,0xA0,0x00,0x00,0x0F,0xC2,0x82,0xAA,0xA8,0xEA,0xAA,0xAA,0xAB,0x00,0x02,
0x18,0x03,0xAF,0x00,0x00,0x00,0x03,0xC0,0x00,0x00,0x00,0x00,0x00,0x00,0x00,0x00,
0x00,0x00,0x28,0x00,0x00,0x00,0x00,0x00,0x00,0x00,0x00,0x00,0x00,0x00,0x00,0x00,
0x00,0x00,0x00,0x00,0x00,0x00,0x00,0x00,0x00,0x00,0x00,0x00,0x00,0x00,0x00,0x00,
0x00,0x00,0x00,0x00,0xB0,0x00,0x00,0x00,0x00,0x00,0x00,0x00,0x00,0x00,0x00,0x00,
0x00,0x00,0x00,0x00,0x00,0x00,0x00,0x00,0x00,0x00,0x00,0x00,0x00,0x00,0x00,0x00,
0x00,0x00,0x00,0x00,0x00,0x00,0xA0,0x00,0x00,0x00,0xC2,0xA2,0xAA,0xA9,0xFA,0xAA,
0xAA,0xAB,0x02,0x0A,0x28,0x03,0xAE,0x00,0x00,0x00,0x03,0xC0,0x00,0x00,0x3F,0xFF,
0xF0,0x00,0x00,0x00,0x00,0x00,0x2C,0x00,0x00,0x00,0x00,0x00,0x00,0x00,0x00,0x00,
0x00,0x00,0x00,0x00,0x00,0x00,0x00,0x00,0x00,0x00,0x00,0x00,0x00,0x00,0x00,0x00,
0x00,0x00,0x00,0x00,0x00,0x00,0x00,0x00,0xA0,0x00,0x00,0x00,0x00,0x00,0x00,0x00,
0x00,0x00,0x00,0x00,0x00,0x00,0x00,0x00,0x00,0x00,0x00,0x00,0x00,0x00,0x00,0x00,
0x00,0x00,0x00,0x00,0x00,0x00,0x00,0x00,0x00,0x00,0xA0,0x00,0x00,0x00,0xF0,0xAA,
0xAA,0xAA,0xFA,0xAA,0xAA,0xAB,0x02,0x0A,0x20,0x03,0xBC,0x00,0x00,0x00,0x03,0xC0,
0x00,0x0F,0xFF,0x00,0x30,0x00,0x00,0x00,0x00,0x00,0x2C,0x00,0x00,0x00,0x00,0x00,
0x00,0x00,0x00,0x00,0x00,0x00,0x00,0x00,0x00,0x00,0x00,0x00,0x00,0x00,0x00,0x00,
0x00,0x00,0x00,0x00,0x00,0x00,0x00,0x00,0x00,0x00,0x00,0x00,0xB0,0x00,0x00,0x00,
0x00,0x00,0x00,0x00,0x00,0x00,0x00,0x00,0x00,0x00,0x00,0x00,0x00,0x00,0x00,0x00,
0x00,0x00,0x00,0x00,0x00,0x00,0x00,0x00,0x00,0x00,0x0A,0xAA,0x00,0x00,0xE8,0x00,
0x00,0x00,0xF0,0xA8,0xAA,0xAA,0xBA,0xAA,0xAA,0xAB,0xC2,0x0A,0x24,0x0F,0xB8,0x00,
0x00,0x00,0x03,0x80,0x00,0xFF,0x00,0x00,0x00,0x00,0x00,0x00,0x00,0x00,0x2C,0x00,
0x00,0x00,0x00,0x00,0x00,0x00,0x00,0x00,0x00,0x00,0x00,0x00,0x00,0x00,0x00,0x00,
0x00,0x00,0x00,0x00,0x00,0x00,0x00,0x00,0x00,0x00,0x00,0x00,0x00,0x00,0x00,0x00,
0xB0,0x00,0x00,0x00,0x00,0x00,0x00,0x00,0x00,0x00,0x00,0x00,0x00,0x00,0x00,0x00,
0x00,0x00,0x00,0x00,0x00,0x00,0x00,0x00,0x00,0x00,0x00,0x00,0x00,0x00,0x04,0xAA,
0xA8,0x00,0x28,0x00,0x00,0x00,0x30,0xAA,0xAA,0xAA,0xBE,0xAA,0xAA,0xAB,0x02,0x0A,
0x20,0x0F,0xB0,0x00,0x00,0x00,0x0F,0x00,0x3F,0xC0,0x00,0x00,0x00,0x00,0x00,0x00,
0x00,0x00,0x1C,0x00,0x00,0x00,0x00,0x00,0x00,0x00,0x00,0x00,0x00,0x00,0x00,0x00,
0x00,0x00,0x00,0x00,0x00,0x00,0x00,0x00,0x00,0x00,0x00,0x00,0x00,0x00,0x00,0x00,
0x00,0x00,0x00,0x00,0xB0,0x00,0x00,0x00,0x00,0x00,0x00,0x00,0x00,0x00,0x00,0x00,
0x00,0x00,0x00,0x00,0x00,0x00,0x00,0x00,0x00,0x00,0x00,0x00,0x00,0x00,0x00,0x00,
0x00,0x00,0x20,0x00,0x2A,0xA0,0x0E,0x00,0x00,0x04,0x3C,0xAA,0xAA,0xAA,0xBE,0xAA,
0xAA,0xAB,0x02,0x0A,0x20,0x0E,0xE0,0x00,0x00,0x00,0x0F,0x00,0xFC,0x00,0x00,0x00,
0x00,0x00,0x00,0x00,0x00,0x00,0x08,0x00,0x00,0x00,0x00,0x00,0x00,0x00,0x00,0x00,
0x00,0x00,0x00,0x00,0x00,0x00,0x00,0x00,0x00,0x00,0x00,0x00,0x00,0x00,0x00,0x00,
0x00,0x00,0x00,0x00,0x00,0x00,0x00,0x00,0xB0,0x00,0x00,0x00,0x00,0x00,0x00,0x00,
0x00,0x00,0x00,0x00,0x00,0x00,0x00,0x00,0x00,0x00,0x00,0x00,0x00,0x00,0x00,0x00,
0x00,0x00,0x00,0x00,0x00,0x00,0x28,0x40,0x00,0xAA,0x0A,0x00,0x06,0x02,0x0C,0x2A,
0xAA,0xAA,0xAE,0xAA,0xAA,0xAB,0xC2,0x09,0x20,0x0E,0x80,0x10,0x00,0x00,0x0F,0x0F,
0xC0,0x00,0x02,0xAA,0xA0,0x00,0x00,0x00,0x00,0x00,0x2C,0x00,0x00,0x00,0x00,0x00,
0x00,0x00,0x00,0x00,0x00,0x00,0x00,0x00,0x00,0x00,0x00,0x00,0x00,0x00,0x00,0x00,
0x00,0x00,0x00,0x00,0x00,0x00,0x00,0x00,0x00,0x00,0x00,0x00,0xB0,0x00,0x00,0x00,
0x00,0x00,0x00,0x00,0x00,0x00,0x00,0x00,0x00,0x00,0x00,0x00,0x00,0x00,0x00,0x00,
0x00,0x00,0x00,0x00,0x00,0x00,0x00,0x00,0x00,0x00,0x28,0x20,0x00,0x0B,0xA6,0x80,
0x02,0x82,0x8F,0x2A,0xAA,0xAA,0xAF,0xAA,0xAA,0xAB,0xC2,0x48,0xA0,0x3E,0x80,0x20,
0x00,0x00,0x1C,0x3C,0x00,0x06,0xAA,0xAA,0xAA,0x00,0x00,0x00,0x00,0x00,0x0C,0x00,
0x00,0x00,0x00,0x00,0x00,0x00,0x00,0x00,0x00,0x00,0x00,0x00,0x00,0x00,0x00,0x00,
0x00,0x00,0x00,0x00,0x00,0x00,0x00,0x00,0x00,0x00,0x00,0x00,0x00,0x00,0x00,0x00,
0xA0,0x00,0x00,0x00,0x00,0x00,0x00,0x00,0x00,0x00,0x00,0x00,0x00,0x00,0x00,0x00,
0x00,0x00,0x00,0x00,0x00,0x00,0x00,0x00,0x00,0x00,0x00,0x00,0x00,0x00,0x2C,0x00,
0x00,0x00,0xAB,0x80,0x00,0xA0,0xA3,0x0A,0xAA,0xAA,0xAF,0xAA,0xAA,0xAF,0xF2,0x28,
0xA0,0x3E,0x80,0x80,0x04,0x00,0x3C,0xF0,0x02,0xAA,0xA0,0x00,0x28,0x00,0x00,0x00,
0x00,0x00,0x08,0x00,0x00,0x00,0x00,0x00,0x00,0x00,0x00,0x00,0x00,0x00,0x00,0x00,
0x00,0x00,0x00,0x00,0x00,0x00,0x00,0x00,0x00,0x00,0x00,0x00,0x00,0x00,0x00,0x00,
0x00,0x00,0x00,0x00,0xB0,0x00,0x00,0x00,0x00,0x00,0x00,0x00,0x00,0x00,0x00,0x00,
0x00,0x00,0x00,0x00,0x00,0x00,0x00,0x00,0x00,0x00,0x00,0x00,0x00,0x00,0x00,0x00,
0x00,0x00,0x0A,0x00,0x00,0x00,0x0A,0xA2,0x40,0x28,0xA3,0xCA,0xAA,0xAA,0xAF,0xEA,
0xAA,0xAF,0xF2,0x89,0xA0,0x3E,0x02,0x80,0x28,0x00,0x3F,0xC0,0xFF,0x80,0x00,0x00,
0xA0,0x00,0x00,0x00,0x00,0x00,0x0C,0x00,0x00,0x00,0x00,0x00,0x00,0x00,0x00,0x00,
0x00,0x00,0x00,0x00,0x00,0x00,0x00,0x00,0x00,0x00,0x00,0x00,0x00,0x00,0x00,0x00,
0x00,0x00,0x00,0x00,0x00,0x00,0x00,0x00,0xB0,0x00,0x00,0x00,0x00,0x00,0x00,0x00,
0x00,0x00,0x00,0x00,0x00,0x00,0x00,0x00,0x00,0x00,0x00,0x00,0x00,0x00,0x00,0x00,
0x00,0x00,0x00,0x00,0x00,0x00,0x0B,0x00,0x00,0x00,0x00,0xE8,0xA0,0x0E,0x28,0xF2,
0xAA,0xAA,0xAB,0xFA,0xAA,0xAF,0xF2,0x9A,0xA0,0xFE,0x02,0x00,0x20,0x00,0xF0,0x3F,
0xC0,0x00,0x00,0x02,0xC0,0x00,0x00,0x00,0x00,0x00,0x08,0x00,0x00,0x00,0x00,0x00,
0x00,0x00,0x00,0x00,0x00,0x00,0x00,0x00,0x00,0x00,0x00,0x00,0x00,0x00,0x00,0x00,
0x00,0x00,0x00,0x00,0x00,0x00,0x00,0x00,0x00,0x00,0x00,0x00,0xB0,0x00,0x00,0x00,
0x00,0x00,0x00,0x00,0x00,0x00,0x00,0x00,0x00,0x00,0x00,0x00,0x00,0x00,0x00,0x00,
0x00,0x00,0x00,0x00,0x00,0x00,0x00,0x00,0x00,0x00,0x02,0x80,0x00,0x00,0x00,0x28,
0xA8,0x02,0xAA,0x7C,0xAA,0xAA,0xAF,0xFA,0xAA,0xBF,0xF2,0xAA,0x80,0xFE,0x0A,0x00,
0x80,0x00,0xF3,0xFC,0x00,0x40,0x00,0x0A,0x00,0x00,0x00,0x00,0x00,0x00,0x0C,0x00,
0x00,0x00,0x00,0x00,0x00,0x00,0x00,0x00,0x00,0x00,0x00,0x00,0x00,0x00,0x00,0x00,
0x00,0x00,0x00,0x00,0x00,0x00,0x00,0x00,0x00,0x00,0x00,0x00,0x00,0x00,0x00,0x00,
0x60,0x00,0x00,0x00,0x00,0x00,0x00,0x00,0x00,0x00,0x00,0x00,0x00,0x00,0x00,0x00,
0x00,0x00,0x00,0x00,0x00,0x00,0x00,0x00,0x00,0x00,0x00,0x00,0x00,0x00,0x02,0x80,
0x00,0x00,0x00,0x1A,0x2A,0x12,0xAA,0xBC,0x2A,0xAA,0xAB,0xFE,0xAA,0xBF,0xF2,0xAA,
0x83,0xFD,0x08,0x02,0x80,0x03,0xCF,0x80,0x18,0x00,0x00,0x28,0x00,0x00,0x00,0x00,
0x00,0x00,0x0C,0x00,0x00,0x00,0x00,0x00,0x00,0x00,0x00,0x00,0x00,0x00,0x00,0x00,
0x00,0x00,0x00,0x00,0x00,0x00,0x00,0x00,0x00,0x00,0x00,0x00,0x00,0x00,0x00,0x00,
0x00,0x00,0x00,0x00,0x30,0x00,0x00,0x00,0x00,0x00,0x00,0x00,0x00,0x00,0x00,0x00,
0x00,0x00,0x00,0x00,0x00,0x00,0x00,0x00,0x00,0x00,0x00,0x00,0x00,0x00,0xF0,0x00,
0x00,0x00,0x00,0xA0,0x00,0x00,0x00,0x0A,0x8A,0xA8,0xAA,0xAF,0xDA,0xAA,0xAF,0xFF,
0xAA,0xBF,0xFE,0xAA,0x8F,0xFC,0x28,0x03,0x08,0x03,0xFC,0x01,0xA0,0x00,0x00,0xA8,
0x0F,0xF0,0x00,0x00,0x00,0x00,0x0C,0x00,0x00,0x00,0x00,0x00,0x00,0x00,0x00,0x00,
0x00,0x00,0x00,0x00,0x00,0x00,0x00,0x00,0x00,0x00,0x00,0x00,0x00,0x00,0x00,0x00,
0x00,0x00,0x00,0x00,0x00,0x00,0x00,0x00,0x30,0x00,0x00,0x00,0x00,0x00,0x00,0x00,
0x00,0x00,0x00,0x00,0x00,0x00,0x00,0x00,0x00,0x00,0x00,0x00,0x00,0x00,0x00,0x00,
0x00,0x00,0x30,0x00,0x00,0x00,0x00,0xB8,0x00,0x02,0x40,0x02,0xAA,0xAA,0xAA,0xA7,
0xFA,0xAA,0xAF,0x3F,0xAA,0xBF,0xFC,0xAA,0x0F,0xFC,0x28,0x0A,0x24,0x0F,0xC0,0x1A,
0x00,0x00,0x02,0xA3,0xFF,0xFF,0x00,0x00,0x00,0x00,0x0C,0x00,0x00,0x00,0x00,0x00,
0x00,0x00,0x00,0x00,0x00,0x00,0x00,0x00,0x00,0x00,0x00,0x00,0x00,0x00,0x00,0x00,
0x00,0x00,0x00,0x00,0x00,0x00,0x00,0x00,0x00,0x00,0x00,0x00,0x20,0x00,0x00,0x00,
0x00,0x00,0x00,0x00,0x00,0x00,0x00,0x00,0x00,0x00,0x00,0x00,0x00,0x00,0x00,0x00,
0x00,0x00,0x00,0x00,0x00,0x00,0x0C,0x00,0x00,0x00,0x00,0x28,0x00,0x00,0xA0,0x00,
0xAA,0xAA,0xAA,0xAB,0xFE,0xAA,0xAF,0x3F,0xEA,0x7D,0xFC,0xAA,0x3F,0xFC,0xA0,0x28,
0xA0,0x3C,0x00,0xA0,0x00,0x00,0x02,0x8C,0x00,0x00,0x00,0x00,0x00,0x00,0x08,0x00,
0x00,0x00,0x00,0x00,0x00,0x00,0x00,0x00,0x00,0x00,0x00,0x00,0x00,0x00,0x00,0x00,
0x00,0x00,0x00,0x00,0x00,0x00,0x00,0x00,0x00,0x00,0x00,0x00,0x00,0x00,0x00,0x00,
0x30,0x00,0x00,0x00,0x00,0x00,0x00,0x00,0x00,0x00,0x00,0x00,0x00,0x00,0x00,0x00,
0x00,0x00,0x00,0x00,0x00,0x00,0x00,0x00,0x00,0x00,0x0C,0x00,0x00,0x00,0x00,0x0A,
0x00,0x00,0x2A,0x03,0x2A,0xAA,0xAA,0xAA,0xFF,0xEA,0xAB,0xCF,0xE7,0xDF,0xFF,0xA8,
0xFF,0xFC,0xA0,0xB2,0x80,0xF0,0x0A,0x80,0x00,0x00,0x0A,0x00,0x00,0x00,0x00,0x00,
0x00,0x00,0x0C,0x00,0x00,0x00,0x00,0x00,0x00,0x00,0x00,0x00,0x00,0x00,0x00,0x00,
0x00,0x00,0x00,0x00,0x00,0x00,0x00,0x00,0x00,0x00,0x00,0x00,0x00,0x00,0x00,0x00,
0x00,0x00,0x00,0x00,0x30,0x00,0x00,0x00,0x00,0x00,0x00,0x00,0x00,0x00,0x00,0x00,
0x00,0x00,0x00,0x00,0x00,0x00,0x00,0x00,0x00,0x00,0x00,0x00,0x00,0x00,0x0C,0x00,
0x00,0x00,0x00,0x0A,0x80,0x00,0x02,0xA0,0xCA,0xAA,0xAA,0xAA,0xFF,0xFA,0xAB,0xF5,
0xF5,0xD7,0x7F,0xA3,0xFF,0xFE,0x80,0xA2,0x03,0xC0,0x6A,0x00,0x00,0x00,0x2C,0x00,
0x00,0x00,0x00,0x00,0x00,0x00,0x08,0x00,0x00,0x00,0x00,0x00,0x00,0x00,0x00,0x00,
0x00,0x00,0x00,0x00,0x00,0x00,0x00,0x00,0x00,0x00,0x00,0x00,0x00,0x00,0x00,0x00,
0x00,0x00,0x00,0x00,0x00,0x00,0x00,0x00,0x30,0x00,0x00,0x00,0x00,0x00,0x00,0x00,
0x00,0x00,0x00,0x00,0x00,0x00,0x00,0x00,0x00,0x00,0x00,0x00,0x00,0x00,0x00,0x00,
0x00,0x00,0x0F,0x00,0x00,0x00,0x00,0x02,0xC0,0x01,0x80,0xAA,0x0E,0xAA,0xAA,0xAA,
0xFF,0xFD,0xF5,0xF5,0x55,0xD5,0x7D,0x43,0xFF,0xFE,0x82,0xA8,0x0F,0x02,0xA8,0x00,
0x00,0x00,0x28,0x00,0x00,0xC0,0x00,0x00,0x00,0x00,0x0C,0x00,0x00,0x00,0x00,0x00,
0x00,0x00,0x00,0x00,0x00,0x00,0x00,0x00,0x00,0x00,0x00,0x00,0x00,0x00,0x00,0x00,
0x00,0x00,0x00,0x00,0x00,0x00,0x00,0x00,0x00,0x00,0x00,0x00,0x24,0x00,0x00,0x00,
0x00,0x00,0x00,0x00,0x00,0x00,0x00,0x00,0x00,0x00,0x00,0x00,0x00,0x00,0x00,0x00,
0x00,0x00,0x00,0x00,0x00,0x00,0x0C,0x00,0x00,0x00,0x00,0x00,0xA0,0x00,0xA4,0x2A,
0x90,0xAA,0xAA,0xAA,0xBC,0x3D,0x7D,0x55,0x55,0x55,0x55,0x57,0x7F,0xFE,0x8A,0xA0,
0xBF,0x0A,0x80,0x08,0x00,0x00,0xA0,0x00,0x03,0x00,0x00,0x00,0x00,0x00,0x0C,0x00,
0x00,0x00,0x00,0x00,0x00,0x00,0x00,0x00,0x00,0x00,0x00,0x00,0x00,0x00,0x00,0x00,
0x00,0x00,0x00,0x00,0x00,0x00,0x00,0x00,0x00,0x00,0x00,0x00,0x00,0x00,0x00,0x00,
0x38,0x00,0x00,0x00,0x00,0x00,0x00,0x00,0x00,0x00,0x00,0x00,0x00,0x00,0x00,0x00,
0x00,0x00,0x00,0x00,0x00,0x00,0x00,0x00,0x00,0x00,0x0C,0x00,0x00,0x00,0x00,0x00,
0x28,0x18,0x2A,0x0A,0xA8,0x3E,0xAA,0xAA,0xBF,0xBD,0x55,0x55,0x55,0x55,0x55,0x5B,
0xFF,0xFE,0x4B,0x0A,0xFE,0xAA,0x80,0xA0,0x00,0x00,0xA0,0x00,0x0F,0x00,0x00,0x00,
0x00,0x00,0x08,0x00,0x00,0x00,0x00,0x00,0x00,0x00,0x00,0x00,0x00,0x00,0x00,0x00,
0x00,0x00,0x00,0x00,0x00,0x00,0x00,0x00,0x00,0x00,0x00,0x00,0x00,0x00,0x00,0x00,
0x00,0x00,0x00,0x00,0x20,0x00,0x00,0x00,0x00,0x00,0x00,0x00,0x00,0x00,0x00,0x00,
0x00,0x00,0x00,0x00,0x00,0x00,0x00,0x00,0x00,0x00,0x0D,0x00,0x00,0x00,0x1C,0x00,
0x00,0x00,0x00,0x00,0x0A,0x0A,0x0A,0xA2,0xAA,0x83,0xEA,0xAA,0xAF,0x59,0x55,0x55,
0x55,0x55,0x55,0x55,0x7F,0xFC,0x28,0xAF,0xFA,0xAA,0x02,0x80,0x00,0x02,0x80,0x00,
0xFC,0x00,0x00,0x00,0x00,0x00,0x00,0x00,0x00,0x00,0x00,0x00,0x00,0x00,0x00,0x00,
0x00,0x00,0x00,0x00,0x00,0x00,0x00,0x00,0x00,0x00,0x00,0x00,0x00,0x00,0x00,0x00,
0x00,0x00,0x00,0x00,0x00,0x00,0x00,0x00,0x38,0x00,0x00,0x00,0x00,0x00,0x00,0x00,
0x00,0x00,0x00,0x00,0x00,0x00,0x00,0x00,0x00,0x00,0x00,0x00,0x00,0xC4,0x00,0x0C,
0x40,0x00,0x30,0x00,0x00,0x00,0x00,0x00,0x03,0x82,0xA1,0xA9,0xAA,0xA8,0xFE,0xAA,
0xBF,0x55,0x55,0x55,0x55,0x55,0x55,0x55,0x55,0xBC,0x2A,0xBF,0xFA,0xA8,0x28,0x00,
0x00,0x02,0x80,0x03,0xF0,0x00,0x00,0x00,0x00,0x00,0x00,0x00,0x00,0x00,0x00,0x00,
0x00,0x00,0x00,0x00,0x00,0x00,0x00,0x00,0x00,0x00,0x00,0x00,0x00,0x00,0x00,0x00,
0x00,0x00,0x00,0x00,0x00,0x00,0x00,0x00,0x00,0x00,0x00,0x00,0x28,0x00,0x00,0x00,
0x00,0x00,0x00,0x00,0x00,0x00,0x00,0x00,0x00,0x00,0x00,0x00,0x00,0x00,0x00,0x00,
0x30,0x00,0x00,0x00,0x30,0x00,0xC0,0x00,0x00,0x00,0xAA,0xAA,0xA0,0xE0,0xAA,0x2A,
0xAA,0xA9,0xFF,0xF3,0xD5,0x55,0x55,0x55,0x55,0x55,0x55,0x55,0x55,0xFC,0xAB,0xFF,
0xEA,0xA0,0xB0,0x04,0x00,0x0A,0x00,0x0F,0xF0,0x00,0x00,0x00,0x00,0x00,0x00,0x00,
0x00,0x00,0x00,0x00,0x00,0x00,0x00,0x00,0x00,0x00,0x00,0x00,0x00,0x00,0x00,0x00,
0x00,0x00,0x00,0x00,0x00,0x00,0x00,0x00,0x00,0x00,0x00,0x00,0x00,0x00,0x00,0x00,
0x2C,0x00,0x00,0x00,0x00,0x00,0x00,0x00,0x00,0x00,0x00,0x00,0x00,0x00,0x00,0x00,
0x00,0x00,0x00,0x03,0x00,0x00,0x00,0x00,0x0C,0x03,0xC0,0x03,0x30,0x02,0xAA,0xAB,
0xBB,0xBA,0x1A,0xAA,0xAA,0xAA,0x3F,0xFD,0xD5,0x55,0x55,0x55,0x55,0x55,0x55,0x55,
0x55,0xB5,0xEF,0xFF,0xEA,0x82,0x80,0xA0,0x00,0x2A,0x00,0x3F,0xC0,0x00,0x00,0x00,
0x00,0x00,0x00,0x00,0x00,0x00,0x00,0x00,0x00,0x00,0x00,0x00,0x00,0x00,0x00,0x00,
0x00,0x00,0x00,0x00,0x00,0x00,0x00,0x00,0x00,0x00,0x00,0x00,0x00,0x00,0x00,0x00,
0x00,0x00,0x00,0x00,0x28,0x00,0x00,0x00,0x00,0x00,0x00,0x00,0x00,0x00,0x00,0x00,
0x00,0x00,0x00,0x00,0x00,0x00,0x00,0x30,0x00,0x00,0x00,0x00,0x03,0x0C,0x0F,0xF3,
0x13,0xF9,0x00,0x00,0x00,0xBF,0x82,0xAA,0xAA,0xAA,0x8F,0xFD,0x45,0x55,0x55,0x55,
0x55,0x55,0x55,0x55,0x55,0x56,0xFF,0xFF,0xEA,0x8A,0x07,0x80,0x00,0x28,0x00,0xFF,
0x00,0x00,0x00,0x00,0x00,0x00,0x00,0x00,0x00,0x00,0x00,0x00,0x00,0x00,0x00,0x00,
0x00,0x00,0x00,0x00,0x00,0x00,0x00,0x00,0x00,0x00,0x00,0x00,0x00,0x00,0x00,0x00,
0x00,0x00,0x00,0x00,0x00,0x00,0x00,0x00,0x1C,0x00,0x00,0x00,0x00,0x00,0x00,0x00,
0x00,0x00,0x00,0x00,0x00,0x00,0x00,0x00,0x00,0x00,0x00,0xC0,0x03,0xFF,0xFF,0xFF,
0xF0,0x73,0xFC,0x00,0x00,0x0F,0x02,0xAA,0xAA,0xAF,0xE0,0xAA,0xAA,0xAA,0xAF,0x75,
0x55,0x55,0x55,0x55,0x55,0x55,0x55,0x55,0x55,0x55,0xFF,0xFF,0xAA,0x2C,0x2E,0x00,
0x00,0xA0,0x0F,0xFF,0x00,0x00,0x00,0x00,0x00,0x00,0x00,0x00,0x00,0x00,0x00,0x00,
0x00,0x00,0x00,0x00,0x00,0x00,0x00,0x00,0x00,0x00,0x00,0x00,0x00,0x00,0x00,0x00,
0x00,0x00,0x00,0x00,0x00,0x00,0x00,0x00,0x00,0x00,0x00,0x00,0x0C,0x00,0x00,0x00,
0x00,0x00,0x00,0x00,0x00,0x00,0x00,0x00,0x00,0x00,0x00,0x00,0x00,0x00,0x0C,0x03,
0xFF,0xFF,0xFF,0xFF,0xFF,0x3F,0xFF,0xFF,0x00,0x00,0xEA,0xAA,0xAA,0xAA,0xFE,0x2A,
0xAA,0xAA,0xAF,0x55,0x55,0x55,0x55,0x55,0x55,0x55,0x55,0x55,0x55,0x55,0xF7,0xFF,
0xA8,0xA2,0xA0,0x08,0x03,0x80,0x3F,0xFC,0x00,0x00,0x00,0x00,0x00,0x00,0x08,0x00,
0x00,0x00,0x00,0x03,0xC0,0x03,0xFC,0x00,0x03,0xC3,0xC3,0xC0,0xFF,0x00,0xF0,0xF0,
0x00,0xFF,0xF0,0x00,0x3F,0xF0,0x03,0xC0,0x3F,0xF0,0x3F,0xFC,0x0F,0xFC,0x00,0x00,
0x1C,0x00,0x00,0x00,0x00,0x00,0x00,0x00,0x00,0x00,0x00,0x00,0x00,0x00,0x00,0x00,
0x00,0x00,0x00,0xFF,0xFF,0xFF,0xFF,0xFF,0xFF,0xFF,0xF3,0x33,0xFC,0x00,0xAA,0xAA,
0xAA,0xAA,0xAF,0xA2,0xAA,0xAA,0xBF,0x55,0x55,0x59,0x55,0x55,0x55,0x55,0x55,0x5E,
0x55,0x55,0x57,0xFF,0xAA,0x8A,0x82,0xA0,0x0A,0x03,0xFF,0xF0,0x00,0x00,0x00,0x00,
0x00,0x00,0x0D,0x00,0x00,0x00,0x00,0x0F,0xC0,0x0F,0x0F,0x00,0x03,0xC3,0xF3,0xC3,
0xCF,0xC0,0xF0,0xF0,0x00,0xF0,0x00,0x00,0x3C,0x3C,0x0F,0xF0,0x3C,0x3C,0x3C,0x00,
0x0F,0x0F,0x00,0x00,0x0C,0x00,0x00,0x00,0x00,0x00,0x00,0x00,0x00,0x00,0x00,0x00,
0x00,0x00,0x00,0x00,0x00,0x00,0x37,0xFF,0xFF,0xFF,0xFF,0xFF,0xFF,0xF0,0x00,0x00,
0x07,0xF0,0xAA,0xAA,0xAA,0xAA,0xAA,0xFA,0xAA,0xAA,0xF5,0x55,0x55,0x5E,0x55,0x55,
0x55,0x55,0x55,0x5F,0x55,0x55,0x5B,0x7E,0xAB,0xA8,0x0A,0x40,0x39,0x0F,0xFF,0xC0,
0x00,0x00,0x00,0x00,0x00,0x00,0x08,0x00,0x00,0x00,0x00,0x3F,0xC0,0x0F,0x0F,0x00,
0x03,0xC3,0xF3,0xC3,0xC3,0xC0,0xF0,0xF0,0x00,0xF0,0x00,0x00,0x3C,0x3C,0x0F,0xF0,
0x3C,0x3C,0x3C,0x00,0x0F,0x0F,0x00,0x00,0x18,0x00,0x00,0x00,0x00,0x00,0x00,0x00,
0x00,0x00,0x00,0x00,0x00,0x00,0x00,0x00,0x00,0x00,0xFF,0xFF,0xFF,0xFF,0xFF,0xFF,
0xFF,0xFF,0xFF,0xC0,0x00,0x1F,0xFA,0xAA,0xAA,0xAA,0xAA,0xAF,0xFE,0xE9,0x55,0x55,
0x55,0x55,0x55,0x55,0x55,0x55,0x55,0x59,0x55,0x55,0x55,0xBE,0xAA,0xA1,0xA8,0x00,
0xA0,0xFF,0xFF,0x00,0x00,0x00,0x00,0x00,0x00,0x00,0x00,0x00,0x00,0x00,0x00,0x3F,
0xC0,0x00,0x0F,0x00,0x03,0xC3,0xF3,0xC3,0xC0,0x00,0xF0,0xF0,0x00,0xF0,0x00,0x00,
0x3C,0x3C,0x0F,0xF0,0x3C,0x3C,0x3C,0x00,0x0F,0x0F,0x00,0x00,0x0C,0x00,0x00,0x00,
0x00,0x00,0x00,0x00,0x00,0x00,0x00,0x00,0x00,0x00,0x00,0x00,0x00,0xD0,0xFF,0xFF,
0xFF,0xFF,0xFF,0xFF,0xFF,0xFF,0xFF,0xFF,0x00,0xC0,0xBF,0xAA,0xAA,0xAA,0xAA,0xAB,
0xFF,0xFF,0xF5,0x55,0x55,0x55,0x55,0x55,0x55,0x55,0x55,0x55,0x57,0x95,0x55,0xBE,
0xAA,0x0A,0xA0,0x03,0x8A,0xAA,0xAA,0x00,0x00,0x00,0x00,0x00,0x00,0x00,0x00,0x00,
0x00,0x00,0x00,0xF3,0xC0,0x00,0x0F,0x00,0x03,0xC3,0xFF,0xC3,0xC0,0x00,0xF0,0xF0,
0x00,0xF0,0x00,0x00,0x3C,0x3C,0x0F,0xF0,0x3C,0x3C,0x3C,0x00,0x0F,0x0F,0x00,0x00,
0x0C,0x00,0x00,0x00,0x00,0x00,0x00,0x00,0x00,0x00,0x00,0x00,0x00,0x00,0x00,0x00,
0x30,0x3F,0xFF,0xFF,0xFF,0xFF,0xFF,0xFF,0xFF,0xFF,0xFF,0xFF,0xF0,0x3F,0x0B,0xFA,
0xAA,0xAA,0xAA,0xAA,0xBF,0xFF,0xF5,0x55,0x5F,0x55,0x55,0x55,0x55,0x55,0x55,0x56,
0x5B,0x55,0x59,0xFE,0xA6,0xAA,0x00,0x2A,0xAE,0xEE,0xEF,0xFA,0x90,0x00,0x00,0x00,
0x00,0x00,0x00,0x00,0x00,0x00,0x00,0xF3,0xC0,0x00,0x3C,0x00,0x03,0xC3,0xFF,0xC3,
0xC0,0x00,0xFF,0xF0,0x00,0xFF,0xF0,0x00,0x3F,0xF0,0x3C,0x3C,0x3F,0xF0,0x3F,0xFC,
0x0F,0xFC,0x00,0x00,0x08,0x00,0x00,0x00,0x00,0x00,0x00,0x00,0x00,0x00,0x00,0x00,
0x00,0x00,0x00,0x03,0x0F,0xFF,0xFF,0xFF,0xFF,0xFF,0xFF,0xFF,0xFF,0xFF,0xFF,0xFF,
0xFF,0x00,0xF0,0xBF,0xAA,0xAA,0xAA,0xAA,0xAF,0xF0,0x55,0x55,0x55,0x55,0x55,0x55,
0x55,0x55,0x55,0x57,0x55,0x55,0x55,0xF6,0x2A,0xA0,0x02,0xAB,0xFF,0xEE,0x34,0xBF,
0xFE,0x90,0x00,0x00,0x00,0x00,0x00,0x00,0x00,0x00,0x03,0xC3,0xC0,0x00,0x3C,0x00,
0x03,0xC3,0xFF,0xC3,0xC0,0x00,0xF0,0xF0,0x00,0xF0,0x00,0x00,0x3C,0x00,0x3C,0x3C,
0x3C,0x00,0x3C,0x00,0x0F,0x3C,0x00,0x00,0x0C,0x00,0x00,0x00,0x00,0x00,0x00,0x00,
0x00,0x00,0x00,0x00,0x00,0x00,0x00,0x34,0xFF,0xFF,0xFF,0xFF,0xFF,0xFF,0xFF,0xFF,
0xFF,0xFF,0xFF,0xFF,0xFF,0xF0,0x3F,0x2B,0xEA,0xAA,0xAA,0xAA,0xA9,0xFD,0x45,0x55,
0x55,0x55,0x55,0x55,0x55,0x55,0x55,0x55,0x55,0x55,0x55,0xB0,0xAA,0x12,0xAB,0xFF,
0xEA,0xA0,0x00,0x00,0x0B,0xFA,0x00,0x00,0x00,0x00,0x00,0x00,0x00,0x00,0x03,0xFF,
0xF0,0x00,0xF0,0x0F,0xC3,0xC3,0xCF,0xC3,0xC0,0x00,0xF0,0xF0,0x00,0xF0,0x03,0xF0,
0x3C,0x00,0x3F,0xFC,0x3C,0x00,0x3C,0x00,0x0F,0x3C,0x00,0x00,0x0C,0x00,0x00,0x00,
0x00,0x00,0x00,0x00,0x00,0x00,0x00,0x00,0x00,0x00,0x00,0xC3,0xCF,0xFF,0xFF,0xFF,
0xFF,0xFF,0xFF,0xFF,0xFF,0xFF,0xFF,0xFF,0xFF,0xFF,0x03,0xCA,0xFA,0xAA,0xEA,0xAA,
0xAA,0x3F,0x55,0x5B,0xD5,0x55,0x55,0x55,0x55,0x55,0x55,0x55,0x55,0x5F,0x55,0x52,
0xAE,0xFF,0xFF,0xEA,0xAA,0x80,0x00,0x00,0x00,0x0F,0xA8,0x00,0x00,0x00,0x08,0x00,
0x00,0x00,0x00,0x03,0xC0,0x03,0xC0,0x00,0x03,0xC3,0xCF,0xC3,0xC3,0xC0,0xF0,0xF0,
0x00,0xF0,0x00,0x00,0x3C,0x00,0x3C,0x3C,0x3C,0x00,0x3C,0x00,0x0F,0x3C,0x00,0x00,
0x0C,0x00,0x00,0x00,0x00,0x00,0x00,0x00,0x00,0x00,0x00,0x00,0x00,0x00,0x03,0x0F,
0x3F,0xFF,0xFF,0xFF,0xFF,0xFF,0xFF,0xFF,0xFF,0xFF,0xFF,0xFF,0xFF,0xFF,0xC0,0xF2,
0xBE,0xAA,0xAF,0xEA,0xAA,0xD5,0x15,0x57,0x95,0x55,0x55,0x97,0x95,0x55,0x55,0x55,
0x55,0x5F,0x55,0x9F,0xFF,0xFF,0xFF,0xAA,0xAA,0x00,0x6A,0xA9,0x80,0x00,0xBA,0x00,
0x00,0x00,0x0A,0x00,0x00,0x00,0x00,0x03,0xC0,0x03,0xC0,0x00,0x03,0xC3,0xCF,0xC3,
0xCF,0x00,0xF0,0xF0,0x00,0xF0,0x00,0x00,0x3C,0x00,0xF0,0x0F,0x3C,0x00,0x3C,0x00,
0x0F,0x0F,0x00,0x00,0x0C,0x00,0x00,0x00,0x00,0x00,0x00,0x00,0x00,0x00,0x00,0x00,
0x00,0x00,0x0C,0x3C,0xFF,0xFF,0xFF,0xFF,0xFF,0xFF,0xFF,0xFF,0xFF,0xFF,0xFF,0xFF,
0xFF,0xFF,0xFC,0x3C,0xAE,0xAA,0xAA,0xBF,0xEA,0xD1,0x55,0x65,0x55,0x55,0x75,0xF7,
0xDE,0x55,0x55,0x55,0x55,0x55,0x55,0x6F,0xFF,0xFF,0xFA,0xAA,0xA0,0xAA,0xA8,0x40,
0x10,0x00,0x02,0x00,0x00,0x00,0x0D,0x00,0x00,0x00,0x00,0x03,0xC3,0xCF,0xFF,0x00,
0x03,0xC3,0xC3,0xC0,0xFF,0x00,0xF0,0xF0,0x00,0xFF,0xF0,0x00,0x3C,0x00,0xF0,0x0F,
0x3C,0x00,0x3F,0xFC,0x0F,0x0F,0x00,0x00,0x0C,0x00,0x00,0x00,0x00,0x00,0x00,0x00,
0x00,0x00,0x00,0x00,0x00,0x00,0x30,0xF3,0xFF,0xFF,0xFF,0xFF,0xFF,0xFF,0xFF,0xFF,
0xFF,0xFF,0xFF,0xFF,0xFF,0xFF,0xFF,0x0F,0x2B,0xAA,0xAA,0xAA,0xFA,0xB5,0x55,0x55,
0x55,0x55,0x7E,0xFA,0xDF,0x55,0x55,0x55,0x56,0x95,0x56,0x95,0xFF,0xFF,0xEA,0xAA,
0xAA,0xA4,0x00,0x00,0x00,0x00,0x00,0x00,0x00,0x00,0x08,0x00,0x00,0x00,0x00,0x00,
0x00,0x00,0x00,0x00,0x00,0x00,0x00,0x00,0x00,0x00,0x00,0x00,0x00,0x00,0x00,0x00,
0x00,0x00,0x00,0x00,0x00,0x00,0x00,0x00,0x00,0x00,0x00,0x00,0x0C,0x00,0x00,0x00,
0x00,0x00,0x00,0x00,0x00,0x00,0x00,0x00,0x00,0x00,0xC3,0xCF,0xFF,0xFF,0xFF,0xFF,
0xFF,0xFF,0xFF,0xFF,0xFF,0xFF,0xFF,0xFF,0xFF,0xFF,0xFF,0xC3,0xCA,0xAA,0xAA,0xAA,
0xAB,0xF5,0x55,0xB5,0x55,0x57,0xFF,0x67,0xFF,0xE5,0x55,0x55,0x55,0x55,0x55,0x99,
0xB0,0xFF,0xAA,0xAA,0xA9,0x00,0x00,0x00,0x00,0x00,0x00,0x00,0x00,0x00,0x00,0x00,
0x00,0x00,0x00,0x00,0x00,0x00,0x00,0x00,0x00,0x00,0x00,0x00,0x00,0x00,0x00,0x00,
0x00,0x00,0x00,0x00,0x00,0x00,0x00,0x00,0x00,0x00,0x00,0x00,0x00,0x00,0x00,0x00,
0x0C,0x00,0x00,0x00,0x00,0x00,0x00,0x00,0x00,0x00,0x00,0x00,0x00,0x00,0x0F,0x3F,
0xFF,0xFF,0xFF,0xFF,0xFF,0xFF,0xFF,0xFF,0xFF,0xFF,0xFF,0xFF,0xFF,0xFF,0xFF,0xF0,
0xF6,0xAA,0xAA,0xAA,0xAF,0xD5,0x55,0xF5,0x55,0x5F,0xEF,0xFF,0xFF,0xFD,0x55,0x55,
0x55,0x5A,0x56,0x56,0x5F,0xFE,0xAA,0xAA,0x40,0x00,0x40,0x00,0x00,0x00,0x00,0x00,
0x00,0x00,0x00,0x00,0x00,0x00,0x00,0x00,0x00,0x00,0x00,0x00,0x00,0x00,0x00,0x00,
0x00,0x00,0x00,0x00,0x00,0x00,0x00,0x00,0x00,0x00,0x00,0x00,0x00,0x00,0x00,0x00,
0x00,0x00,0x00,0x00,0x0C,0x00,0x00,0x00,0x00,0x00,0x00,0x00,0x00,0x00,0x00,0x00,
0x00,0x03,0x0C,0xFF,0xFF,0xFF,0xFF,0xFF,0xFF,0xFF,0xFF,0xFF,0xFF,0xFF,0xFF,0xFF,
0xFF,0xFF,0xFF,0xF0,0x30,0xAA,0xAA,0xAA,0xAD,0x55,0x55,0x55,0x55,0x5F,0xFF,0xFF,
0xFF,0xFD,0x55,0x55,0x55,0x5F,0x55,0x56,0xAF,0xFE,0xAA,0x90,0x02,0xAA,0x00,0x00,
0x00,0x00,0x3F,0x00,0x00,0x00,0x00,0x00,0x00,0x00,0x00,0x00,0x00,0x00,0x00,0x00,
0x00,0x00,0x00,0x00,0x00,0x00,0x00,0x00,0x00,0x00,0x00,0x00,0x00,0x00,0x00,0x00,
0x00,0x00,0x00,0x00,0x00,0x00,0x00,0x00,0x0C,0x00,0x00,0x00,0x00,0x00,0x00,0x00,
0x00,0x00,0x00,0x00,0x00,0x0C,0x3F,0xFF,0xFF,0xFF,0xFF,0xFF,0xFF,0xFF,0xFF,0xFF,
0xFF,0xFF,0xFF,0xFF,0xFF,0xCF,0xFF,0xFC,0x3C,0x2A,0xAA,0xAA,0x8F,0x95,0x55,0x55,
0x56,0xFF,0xFF,0xFF,0xFF,0xFB,0x55,0x55,0x55,0x55,0x55,0x66,0x7F,0xEA,0xA8,0x00,
0xAA,0xA8,0x00,0x00,0x00,0x0F,0xFC,0x00,0x00,0x00,0x00,0x00,0x00,0x00,0x00,0x00,
0x00,0x00,0x00,0x00,0x00,0x00,0x00,0x00,0x00,0x00,0x00,0x00,0x00,0x00,0x00,0x00,
0x00,0x00,0x00,0x00,0x00,0x00,0x00,0x00,0x00,0x00,0x00,0x00,0x0C,0x00,0x00,0x00,
0x00,0x00,0x00,0x00,0x00,0x00,0x00,0x00,0x00,0x00,0x7F,0xFF,0xFF,0xFF,0xFF,0xFF,
0xFF,0xFF,0xFF,0xFF,0xFF,0xFF,0xFF,0xFF,0xFF,0xF3,0xFF,0xFF,0x0C,0x00,0xAE,0xAF,
0xFF,0xD5,0x55,0x55,0x55,0xFF,0xFF,0xFF,0xFF,0xFF,0xED,0x55,0x57,0x55,0x55,0x55,
0xBF,0xEA,0xA0,0xAA,0xAA,0x40,0x00,0x00,0x03,0xFF,0x00,0x00,0x00,0x00,0x00,0x00,
0x00,0x00,0x00,0x00,0x00,0x00,0x00,0x00,0x00,0x00,0x00,0x00,0x00,0x00,0x00,0x00,
0x00,0x00,0x00,0x00,0x00,0x00,0x00,0x00,0x00,0x00,0x00,0x00,0x00,0x00,0x00,0x00,
0x08,0x00,0x00,0x00,0x00,0x00,0x00,0x00,0x00,0x00,0x00,0x00,0x00,0x10,0xFF,0xFF,
0xFF,0xFF,0xFF,0xFF,0xFF,0xFF,0xFF,0xFF,0xFF,0xFF,0xFF,0xFF,0xDF,0xF3,0xFF,0xFF,
0x0C,0x00,0x00,0xFF,0xFD,0x55,0x55,0x55,0x55,0xBF,0xBF,0xFF,0xFF,0xFF,0xFD,0x55,
0x5F,0x55,0x55,0x56,0x7F,0xAA,0x4A,0xAA,0xA4,0x00,0x00,0x00,0x0F,0xD0,0x00,0x00,
0x00,0x00,0x08,0x00,0x00,0x00,0x00,0x00,0x00,0x00,0x00,0x00,0x00,0x00,0x00,0x00,
0x00,0x00,0x00,0x00,0x00,0x00,0x00,0x00,0x00,0x00,0x00,0x00,0x00,0x00,0x00,0x00,
0x00,0x00,0x00,0x00,0x0C,0x00,0x00,0x00,0x00,0x00,0x00,0x00,0x00,0x00,0x00,0x00,
0x00,0x33,0xFF,0xFF,0xFF,0xFF,0xFF,0xFF,0xFF,0xFF,0xFF,0xFF,0xFF,0xFF,0xFF,0xFF,
0xCF,0xFC,0xFF,0xFF,0xCC,0x03,0xF0,0x0F,0xFD,0x55,0x55,0x55,0x7F,0xFF,0xFF,0xFF,
0xBF,0xFF,0xFD,0x55,0x55,0x55,0x55,0x55,0x5F,0xAA,0xAA,0xA8,0x00,0x2A,0x00,0x00,
0xFC,0x00,0x00,0x00,0x00,0x00,0x0D,0x00,0x00,0x00,0x00,0x00,0x00,0x00,0x00,0x00,
0x00,0x00,0x00,0x00,0x00,0x00,0x00,0x00,0x00,0x00,0x00,0x00,0x00,0x00,0x00,0x00,
0x00,0x00,0x00,0x00,0x00,0x00,0x00,0x00,0x0C,0x00,0x00,0x00,0x00,0x00,0x00,0x00,
0x00,0x00,0x00,0x00,0x00,0x03,0xFF,0xFF,0xFF,0xFF,0xFF,0xFF,0xFF,0xFF,0xFF,0xFF,
0xFF,0xFF,0xFF,0xFF,0xCF,0xFC,0x3F,0xFF,0xCF,0x3F,0xBF,0xF3,0xFF,0x55,0x55,0x55,
0x57,0xFF,0xFB,0xEB,0xFF,0xFF,0xF5,0x55,0x55,0x55,0x5A,0x55,0x5E,0x2A,0xAA,0x02,
0xAB,0xA0,0x00,0x0F,0xF0,0x00,0x00,0x00,0x00,0x00,0x0E,0x00,0x00,0x00,0x00,0x00,
0x00,0x00,0x00,0x00,0x00,0x00,0x00,0x00,0x00,0x00,0x00,0x00,0x00,0x41,0x04,0x00,
0x00,0x00,0x00,0x00,0x00,0x00,0x00,0x00,0x00,0x00,0x00,0x00,0x0C,0x00,0x00,0x00,
0x00,0x00,0x00,0x00,0x00,0x00,0x00,0x00,0x00,0xC3,0xFF,0xFF,0xFF,0xFF,0xFF,0xFF,
0xCF,0xFF,0xFF,0xFF,0xFF,0xFF,0xFF,0xFF,0xFF,0xFF,0x0F,0xFF,0xC3,0xAA,0xAA,0xAF,
0x3F,0x55,0x55,0x55,0x5F,0xAF,0xEF,0xFF,0xBF,0xFF,0xF6,0x55,0x55,0x55,0x55,0x55,
0x7C,0x2A,0xAA,0xAA,0xAA,0x00,0x00,0xFF,0x00,0x00,0x00,0x00,0x00,0x00,0x00,0x00,
0x00,0x00,0x00,0x00,0x00,0x00,0x00,0x00,0x00,0x00,0x00,0x12,0x6A,0xBA,0xEB,0xBA,
0xBA,0xEA,0xEE,0xEC,0x00,0x00,0x00,0x00,0x00,0x00,0x00,0x00,0x00,0x00,0x00,0x00,
0x0C,0x00,0x00,0x00,0x00,0x00,0x00,0x00,0x00,0x00,0x00,0x00,0x00,0x0F,0xFF,0xFF,
0xFF,0xFF,0xFF,0xFF,0x3F,0xFF,0xFF,0xFF,0xFF,0xFF,0xFF,0xFF,0xF3,0xFF,0x0F,0xFF,
0xC2,0xAA,0xAA,0xAA,0xD5,0x55,0x55,0x55,0x7F,0xFE,0xFD,0xFF,0xFF,0xFF,0xFF,0x55,
0x55,0x55,0x55,0x55,0x6F,0xF6,0xAA,0xAA,0x80,0x00,0x1F,0xF0,0x00,0x00,0x00,0x00,
0x00,0x00,0x00,0x00,0x00,0x00,0x00,0x00,0x00,0x00,0x01,0xAA,0xBB,0xBB,0xBB,0xBB,
0xBB,0xAB,0xA9,0x80,0x00,0x00,0x01,0xA8,0x00,0x00,0x00,0x00,0x00,0x00,0x00,0x00,
0x00,0x00,0x00,0x00,0x0C,0x00,0x00,0x00,0x00,0x00,0x00,0x00,0x00,0x00,0x00,0x00,
0x00,0x0F,0xFF,0xFF,0xFF,0xFF,0xFF,0xFF,0x3F,0xFF,0xFF,0xFF,0xFF,0xFF,0xFF,0xFF,
0xF3,0xFF,0x03,0xFF,0xC2,0xAA,0xAA,0xAA,0xAD,0x55,0x55,0x55,0x5F,0xFF,0xFE,0xFB,
0xFF,0xFF,0xFD,0xE5,0x55,0x55,0x55,0x55,0x97,0xFF,0xC0,0x00,0x00,0x0F,0xFC,0x00,
0x00,0x00,0x00,0x00,0x00,0x00,0x00,0x00,0x00,0x00,0x00,0x00,0xAA,0xBB,0xFF,0xFB,
0xAA,0xA6,0x10,0x00,0x00,0x00,0x00,0x00,0x00,0x00,0x00,0x00,0x04,0x9A,0xAA,0xAA,
0xAA,0x9A,0xA8,0x40,0x00,0x00,0x00,0x00,0x0C,0x00,0x00,0x00,0x00,0x00,0x00,0x00,
0x00,0x00,0x00,0x00,0x00,0x3F,0xFF,0xFF,0xFF,0xFF,0xFF,0x3C,0xFF,0xFF,0xFF,0xFF,
0xFF,0xFF,0xFF,0xFF,0xF3,0xFF,0x03,0xFF,0xCA,0xAA,0xAE,0xEE,0xBE,0x55,0x55,0x55,
0x7F,0xFF,0xFF,0xFF,0xEF,0xFF,0xFF,0xD5,0x55,0x55,0x5B,0x55,0xAF,0xFF,0xFF,0xCC,
0xFF,0xFF,0xC3,0x00,0x00,0x00,0x00,0x00,0x00,0x00,0x00,0x00,0x00,0x00,0x00,0x01,
0xFB,0xAA,0x40,0x00,0x00,0x00,0x00,0x00,0x00,0x00,0x00,0x00,0x06,0xBB,0xBB,0xBB,
0xBB,0xBB,0xAE,0xBA,0xEA,0xAA,0xEE,0xA0,0x00,0x00,0x00,0x00,0x0C,0x00,0x00,0x00,
0x00,0x00,0x00,0x00,0x00,0x00,0x00,0x00,0x00,0x3F,0xFF,0xFF,0xFF,0x3F,0xFF,0xFC,
0xFF,0xFF,0xFF,0xFF,0xFF,0xFF,0xFF,0xFF,0xF3,0xFF,0x03,0xFC,0xCA,0xAA,0xAA,0xAE,
0xBD,0x55,0x55,0x57,0xFF,0xFF,0xEE,0xEF,0xFF,0x7F,0xFF,0x55,0x55,0x55,0x5B,0x55,
0xFF,0xFF,0xFF,0xFF,0xFF,0xEA,0x8B,0xFC,0x00,0x00,0x00,0x00,0x00,0x00,0x00,0x00,
0x00,0x00,0x00,0x00,0x00,0x00,0x00,0x00,0x00,0x00,0x00,0x00,0x00,0x00,0x00,0xAB,
0xBE,0x84,0x00,0x00,0x00,0x00,0x00,0x00,0x00,0x00,0x00,0x00,0x00,0x00,0x00,0x00,
0x08,0x00,0x00,0x00,0x00,0x00,0x00,0x00,0x00,0x00,0x00,0x00,0x00,0xFF,0xFF,0xFF,
0xFF,0xFF,0xFF,0xF3,0xFF,0xFF,0xFF,0xFF,0xFF,0xFF,0xFF,0xFF,0xF3,0xF7,0x03,0xF3,
0x2A,0xAA,0xAA,0xAA,0xD5,0x55,0x55,0x55,0xFF,0xFF,0xFF,0xDF,0xBE,0xFF,0xFF,0xD5,
0x55,0x55,0x55,0x55,0xBF,0xFF,0xFF,0xFE,0xAA,0xAA,0xAA,0xBF,0xC0,0x00,0x00,0x00,
0x00,0x00,0x00,0x00,0x00,0x00,0x00,0x00,0x00,0x00,0x00,0x00,0x00,0x00,0x00,0x00,
0x00,0x1A,0xEE,0xE4,0x00,0x00,0x00,0x00,0x00,0x00,0x00,0x00,0x00,0x00,0x00,0x00,
0x00,0x00,0x00,0x00,0x0C,0x00,0x00,0x00,0x00,0x00,0x00,0x00,0x00,0x00,0x00,0x00,
0x03,0x3F,0xFF,0xFF,0xFF,0xFF,0xFF,0xFF,0xFF,0xFF,0xFF,0xFF,0xFF,0xFF,0xFF,0xFF,
0xD3,0xFF,0x00,0xF0,0xAA,0xAA,0xAA,0xFA,0xFD,0x55,0x56,0x55,0x67,0xFE,0xFB,0xBF,
0xFF,0xFF,0xFF,0xD5,0x55,0xB5,0x55,0x55,0x56,0xFF,0xFE,0xAA,0xAA,0xAA,0xAA,0xAA,
0xFC,0x00,0x00,0x00,0x00,0x00,0x04,0x00,0x00,0x00,0x00,0x00,0x00,0x00,0x00,0x00,
0x00,0x00,0x00,0x00,0x0B,0xBA,0x80,0x00,0x00,0x00,0x00,0x00,0x00,0x00,0x00,0x00,
0x00,0x00,0x00,0x00,0x00,0x00,0x00,0x00,0x1C,0x00,0x00,0x00,0x00,0x00,0x00,0x00,
0x00,0x00,0x00,0x00,0x0C,0xFF,0xFF,0xFF,0xFF,0xFF,0xFF,0xFF,0xFF,0xFF,0xFF,0xFF,
0xFF,0xFF,0xFF,0xFF,0xC3,0xF0,0x00,0xF2,0xAA,0xAA,0xBF,0xAA,0xBD,0x55,0x55,0x55,
0xFF,0xFF,0xF6,0xEB,0xEF,0xFF,0xFD,0x55,0x55,0x95,0x55,0x56,0xA7,0xFF,0xEA,0xAA,
0xAA,0xAA,0xAA,0xAA,0xBF,0x00,0x00,0x00,0x00,0x00,0x0A,0x00,0x00,0x00,0x00,0x00,
0x00,0x00,0x00,0x00,0x00,0x00,0x00,0x00,0x3E,0xEB,0xBB,0xBB,0xBA,0xEE,0x80,0x00,
0x00,0x00,0x00,0x00,0x00,0x00,0x00,0x00,0x00,0x00,0x00,0x00,0x0C,0x00,0x00,0x00,
0x00,0x00,0x00,0x00,0x00,0x00,0x00,0x00,0x30,0xFF,0xFF,0xFF,0xFF,0xFF,0xFF,0xFF,
0xFF,0xFF,0xFF,0xFF,0xFF,0xFF,0xFF,0xFF,0xC3,0xF0,0x00,0x36,0xAA,0xAA,0xAA,0xAA,
0xA5,0x55,0x55,0x57,0xDF,0xFF,0xF9,0xBF,0xBF,0xFF,0xFF,0x95,0x55,0x55,0x55,0x55,
0xE7,0xFE,0xAA,0xAA,0xAA,0xAA,0xAA,0xAA,0xAB,0xF0,0x00,0x00,0x00,0x00,0x0E,0x00,
0x00,0x00,0x00,0x00,0x00,0x00,0x00,0x00,0x00,0x00,0x00,0x00,0x0A,0x99,0x24,0x40,
0x00,0x00,0x00,0x00,0x00,0x00,0x00,0x00,0x00,0x00,0x00,0x00,0x00,0x00,0x00,0x00,
0x2C,0x00,0x00,0x00,0x00,0x00,0x00,0x00,0x00,0x00,0x00,0x03,0xC0,0xFF,0xFF,0xFF,
0xFF,0xFF,0xFF,0xFF,0xFF,0xFF,0xFF,0xFF,0xFF,0xFF,0xFF,0xFF,0xCF,0xC0,0x00,0x3A,
0xAA,0xAA,0xAA,0xAA,0xA5,0x55,0x55,0x57,0xAF,0xFF,0xEE,0xFD,0xFF,0xFF,0xFF,0xD5,
0x55,0x55,0x55,0xB5,0x5A,0xEA,0xAA,0xAA,0xAA,0xAA,0xAA,0xAA,0xAA,0xBC,0x00,0x00,
0x00,0x00,0x0A,0x00,0x00,0x00,0x00,0x00,0x00,0x00,0x00,0x00,0x00,0x00,0x00,0x00,
0x00,0x00,0x00,0x00,0x00,0x00,0x00,0x00,0x00,0x00,0x00,0x00,0x00,0x00,0x00,0x00,
0x00,0x00,0x00,0x00,0x1C,0x00,0x00,0x00,0x00,0x00,0x00,0x00,0x00,0x00,0x00,0x0C,
0x03,0xFF,0xFF,0xFF,0xFF,0xFF,0xFF,0xFF,0xFF,0xFF,0xFF,0xFF,0xFF,0xFF,0xFF,0xFF,
0xCF,0x00,0x00,0x32,0xAA,0xAA,0xAA,0xAA,0x85,0x55,0x55,0x55,0x7F,0xFD,0x9D,0xEF,
0xFF,0xFF,0xFF,0xD5,0x55,0x57,0xE5,0xF5,0x5F,0xDA,0xBE,0xAA,0xAA,0xAA,0xAA,0xAA,
0xAA,0xAF,0xC0,0x00,0x00,0x00,0x0A,0x00,0x00,0x00,0x00,0x00,0x00,0x00,0x00,0x00,
0x00,0x00,0x00,0x00,0x00,0x00,0x00,0x00,0x00,0x00,0x00,0x00,0x00,0x00,0x00,0x00,
0x00,0x00,0x00,0x00,0x00,0x00,0x00,0x00,0x28,0x00,0x00,0x00,0x00,0x00,0x00,0x00,
0x00,0x00,0x00,0xF0,0x03,0xFF,0xFF,0xFF,0xFF,0xFF,0xFF,0xFF,0xFF,0xFF,0xFF,0xFF,
0xFF,0xFF,0xFF,0xFF,0x0C,0x00,0x00,0x3C,0xAA,0xAA,0xAA,0xAA,0x35,0x55,0x55,0x55,
0xFF,0xFF,0xBE,0xBF,0xFF,0xFF,0xFD,0x55,0x55,0x56,0x95,0x55,0x6F,0xFA,0xAB,0xFA,
0xAA,0xAA,0xAA,0xAA,0xAA,0xAA,0xF0,0x00,0x00,0x00,0x00,0x00,0x00,0x00,0x00,0x00,
0x00,0x00,0x00,0x00,0x00,0x00,0x00,0x00,0x00,0x00,0x00,0x00,0x00,0x00,0x00,0x00,
0x00,0x00,0x00,0x00,0x00,0x00,0x00,0x00,0x00,0x00,0x00,0x00,0x2C,0x00,0x00,0x00,
0x00,0x00,0x00,0x00,0x00,0x00,0x0F,0x00,0x03,0xFF,0xFF,0xFF,0xFF,0xFF,0xFF,0xFF,
0xFF,0xFF,0xFF,0xFF,0xFF,0xFF,0xFF,0xFF,0x00,0x00,0x00,0x3C,0xAA,0xAA,0xAA,0xAF,
0xFE,0x55,0x55,0x57,0xFF,0xFF,0xFB,0xBF,0xFF,0xFF,0xFD,0x55,0x55,0x55,0x55,0x55,
0x6F,0xFF,0xAA,0xAA,0xEA,0xAA,0xAA,0xAA,0xAA,0xAA,0xBE,0x00,0x00,0x00,0x00,0x00,
0x00,0x00,0x00,0x00,0x00,0x00,0x00,0x00,0x00,0x00,0x00,0x00,0x00,0x00,0x00,0x00,
0x00,0x00,0x00,0x00,0x00,0x00,0x00,0x00,0x00,0x00,0x00,0x00,0x00,0x00,0x00,0x00,
0x2C,0x00,0x00,0x00,0x00,0x00,0x00,0x00,0x02,0x33,0x30,0x00,0x03,0xFF,0xFF,0xFF,
0xFF,0xFF,0xFF,0xFF,0xFF,0xFF,0xFF,0xFF,0xFF,0xFF,0xFF,0xFC,0x00,0x00,0x00,0x1C,
0xAA,0xAA,0xAA,0xBF,0xFD,0x55,0x55,0x57,0x7E,0xFF,0xFE,0xFF,0xFF,0xFF,0xFF,0x55,
0x55,0x55,0x55,0x5A,0x67,0xFF,0xEA,0xAA,0xAA,0xAA,0xAA,0xAA,0xAA,0xAA,0xAF,0x00,
0x00,0x00,0x00,0x00,0x00,0x00,0x00,0x00,0x00,0x00,0x00,0x00,0x00,0x00,0x00,0x00,
0x00,0x00,0x00,0x00,0x00,0x00,0x00,0x00,0x00,0x00,0x00,0x00,0x00,0x00,0x00,0x00,
0x00,0x00,0x00,0x00,0x2C,0x00,0x00,0x00,0x00,0x00,0x00,0x00,0x00,0x00,0x00,0x00,
0xCF,0xFF,0xFF,0xFF,0xFF,0xFF,0xFF,0xFF,0xFF,0xFF,0xFF,0xFF,0xFF,0xFF,0xFF,0xF0,
0x00,0x00,0x00,0x0C,0x0A,0xAA,0xAF,0xFF,0xF5,0x55,0x55,0x55,0x6F,0xFE,0xDF,0xEF,
0xFF,0xFF,0xF9,0x55,0x55,0x55,0xD5,0x5F,0xE7,0xFF,0xFA,0xAA,0xAA,0xAA,0xAA,0xAA,
0xAA,0xAA,0xAB,0x00,0x00,0x00,0x00,0x00,0x00,0x00,0x00,0x00,0x00,0x00,0x00,0x00,
0x00,0x00,0x00,0x00,0x00,0x00,0x00,0x00,0x00,0x00,0x00,0x00,0x00,0x00,0x00,0x00,
0x00,0x00,0x00,0x00,0x00,0x00,0x00,0x00,0x38,0x00,0x00,0x00,0x00,0x00,0x00,0x00,
0x00,0x00,0x00,0x00,0x3F,0xFF,0xFF,0xFF,0xFF,0xFF,0xFF,0xFF,0xFF,0xFF,0xFF,0xFF,
0xFF,0xFF,0xFF,0xF0,0x00,0x00,0x30,0x0C,0x00,0x87,0xFF,0xFF,0xF9,0x55,0x56,0x55,
0x5F,0xFF,0xFD,0xFE,0xFF,0xFF,0xFD,0x55,0x55,0x57,0xE5,0x9A,0x5B,0xFF,0xFE,0xAA,
0xAA,0xAA,0xAA,0xAA,0xAA,0xAA,0xAA,0x00,0x00,0x00,0x00,0x00,0x00,0x00,0x00,0x00,
0x00,0x00,0x00,0x00,0x00,0x00,0x00,0x00,0x00,0x00,0x00,0x00,0x00,0x00,0x00,0x00,
0x00,0x00,0x00,0x00,0x00,0x00,0x00,0x00,0x00,0x00,0x00,0x00,0x28,0x00,0x00,0x00,
0x00,0x00,0x00,0x00,0x00,0x00,0x00,0x00,0xFF,0xFF,0xFF,0xFF,0xFF,0xFF,0xFF,0xFF,
0xFF,0xFF,0xFF,0xFF,0xFF,0xFF,0xFF,0xC0,0x00,0x00,0xFC,0x0F,0x00,0x03,0x00,0xAA,
0x3F,0x55,0x55,0x55,0x7F,0xBB,0xBF,0xFF,0xFF,0xFF,0xD5,0x55,0x55,0x65,0x56,0xE5,
0xBF,0xFF,0xFF,0xAA,0xAA,0xAA,0xAA,0xAA,0xAA,0xAA,0xAA,0x00,0x00,0x00,0x00,0x00,
0x00,0x00,0x00,0x00,0x00,0x00,0x00,0x00,0x00,0x00,0x00,0x00,0x00,0x00,0x00,0x00,
0x00,0x00,0x00,0x00,0x00,0x00,0x00,0x00,0x00,0x00,0x00,0x00,0x00,0x00,0x00,0x00,
0x38,0x00,0x00,0x00,0x00,0x00,0x00,0x00,0x00,0x00,0x00,0x03,0xCF,0xFF,0xFF,0xFF,
0xFF,0xFF,0xFF,0xFF,0xFF,0xFF,0xFF,0xFF,0xFF,0xFF,0xFF,0x00,0x00,0x00,0xFC,0x03,
0xC0,0x00,0x2A,0xAA,0xB9,0x55,0x55,0x55,0x7E,0xFF,0xFB,0xFF,0xFF,0xFF,0xE5,0x55,
0x55,0x79,0x55,0x56,0x7F,0xFF,0xFF,0xEA,0xAA,0xAA,0xAA,0xAA,0xAA,0xAA,0xAA,0x00,
0x00,0x00,0x00,0x00,0x00,0x00,0x00,0x00,0x00,0x00,0x00,0x00,0x00,0x00,0x00,0x00,
0x00,0x00,0x00,0x00,0x00,0x00,0x00,0x00,0x00,0x00,0x00,0x00,0x00,0x00,0x00,0x00,
0x00,0x00,0x00,0x00,0x28,0x00,0x00,0x00,0x00,0x00,0x00,0x00,0x00,0x00,0x00,0x0F,
0xCF,0xFF,0xFF,0xFF,0xFF,0xFF,0xFF,0xFF,0xFF,0xFF,0xFF,0xFF,0xFF,0xFF,0xC0,0x00,
0x00,0x00,0xFC,0x00,0xFF,0x00,0xAA,0xAA,0xED,0x55,0x55,0x55,0x57,0xFE,0xBF,0xBF,
0xFE,0xFF,0xD5,0x55,0x55,0x55,0x79,0x9A,0xBF,0xFA,0xBB,0xFE,0xAA,0xAA,0xAA,0xAA,
0xAA,0xAB,0xFF,0x00,0x00,0x00,0x09,0x00,0x00,0x00,0x00,0x00,0x00,0x00,0x00,0x00,
0x00,0x00,0x00,0x00,0x00,0x00,0x00,0x00,0x00,0x00,0x00,0x00,0x00,0x00,0x00,0x00,
0x00,0x00,0x00,0x00,0x00,0x00,0x00,0x00,0x38,0x00,0x00,0x00,0x00,0x00,0x00,0x00,
0x00,0x00,0x00,0x3F,0x0F,0xFF,0xFF,0xFF,0xFF,0xFF,0xFF,0xFF,0xFF,0xFF,0xFF,0xFF,
0xFF,0xFF,0xE0,0x00,0x00,0x00,0xFC,0x00,0x3F,0xC2,0xAA,0xBF,0xEF,0x95,0x55,0x55,
0x5F,0xDF,0xFF,0xFF,0xFF,0xFD,0x55,0x55,0x55,0x55,0xBD,0x69,0xBC,0x68,0x22,0xAF,
0xFA,0xAA,0xAA,0xAA,0xAB,0xFF,0xAA,0x00,0x00,0x00,0x08,0x00,0x00,0x00,0x00,0x00,
0x00,0x00,0x00,0x00,0x00,0x00,0x00,0x00,0x00,0x00,0x00,0x00,0x00,0x00,0x00,0x00,
0x00,0x00,0x00,0x00,0x00,0x00,0x00,0x00,0x00,0x00,0x00,0x00,0x20,0x00,0x00,0x00,
0x00,0x00,0x00,0x00,0x00,0x00,0x00,0xF0,0x3F,0xFF,0xFF,0xFF,0xFF,0xFF,0xFF,0xFF,
0xFF,0xFF,0xFF,0xFF,0xFF,0xFF,0xC0,0x00,0x00,0x03,0xBF,0x00,0x00,0xC2,0xAB,0xFA,
0xAB,0x55,0x55,0x55,0x56,0xFF,0xFF,0xFF,0xFF,0xFD,0x55,0x55,0x55,0x55,0x59,0x96,
0xFF,0x0A,0xA9,0x02,0xBF,0xEA,0xAA,0xAA,0xFF,0xE8,0x00,0x00,0x00,0x00,0x00,0x00,
0x00,0x00,0x00,0x00,0x00,0x00,0x00,0x00,0x00,0x00,0x00,0x00,0x00,0x00,0x00,0x00,
0x00,0x00,0x00,0x00,0x00,0x00,0x00,0x00,0x00,0x00,0x00,0x00,0x00,0x00,0x00,0x00,
0x34,0x00,0x00,0x00,0x00,0x00,0x00,0x00,0x00,0x00,0x0F,0xC0,0x3F,0xFF,0xFF,0xFF,
0xFF,0xFF,0xFF,0xFF,0xFF,0xFF,0xFF,0xFF,0xFF,0xFF,0x40,0x00,0x00,0x00,0x3F,0x00,
0x00,0xF6,0xAB,0xAA,0xAD,0x55,0x55,0x95,0x55,0xFB,0xFF,0xFF,0xFF,0xFD,0x55,0x55,
0x7E,0x55,0x55,0x99,0xFF,0x2A,0xAA,0xA0,0x1B,0xFF,0xFF,0xFF,0xFA,0x00,0x00,0x00,
0x00,0x00,0x00,0x00,0x00,0x03,0x00,0x00,0x00,0x00,0x00,0x00,0x00,0x00,0x00,0x00,
0x00,0x00,0x00,0x00,0x00,0x00,0x00,0x00,0x00,0x00,0x00,0x00,0x00,0x00,0x00,0x00,
0x00,0x00,0x00,0x00,0x30,0x00,0x00,0x00,0x00,0x00,0x00,0x00,0x00,0x00,0xFF,0x00,
0xFF,0xFF,0xFF,0xFF,0xFF,0xFF,0xFF,0xFF,0xFF,0xFF,0xFF,0xFF,0xFF,0xFF,0x00,0x00,
0x00,0x00,0x0F,0x00,0x00,0x32,0xAA,0xAA,0xAD,0x95,0x55,0x55,0x55,0x5E,0xFF,0xFF,
0xFF,0x95,0x55,0x55,0x5D,0x5B,0x95,0x66,0x7F,0xAA,0xAA,0xAA,0x80,0x2F,0xFF,0xEE,
0x40,0x00,0x00,0x00,0x00,0x00,0x00,0x00,0x00,0x03,0x00,0x0F,0xF0,0x3F,0xF0,0xF0,
0x0F,0xC0,0x30,0x0C,0x0C,0xFF,0xCC,0x03,0xF0,0x30,0x30,0x00,0x00,0x00,0xC3,0xF0,
0xFC,0x00,0x03,0xC0,0xFC,0x3F,0x00,0x00,0x30,0x00,0x00,0x00,0x00,0x00,0x00,0x00,
0x00,0x07,0xF0,0x00,0xFF,0xFF,0xFF,0xFF,0xFF,0xFF,0xFF,0xFF,0xFF,0xFF,0xFF,0xFF,
0xFF,0xFF,0x00,0x00,0x00,0x00,0x0F,0x00,0x00,0x32,0xAA,0xAA,0xAB,0xF5,0x55,0x55,
0x55,0x5F,0xFF,0xBE,0x7D,0x55,0x55,0x55,0x55,0x57,0xF5,0xEF,0xFF,0xEA,0xA2,0xAA,
0xA0,0x00,0xF0,0x00,0x00,0x00,0x00,0x00,0x00,0x00,0x00,0x00,0x00,0x0F,0xC0,0x0C,
0x0C,0x30,0x03,0x0C,0x30,0x30,0x30,0x0C,0x0C,0x0C,0x0C,0x0C,0x0C,0x3C,0x30,0x00,
0x00,0x03,0xCC,0x33,0x0C,0x00,0x0C,0x33,0x0C,0xC3,0x00,0x00,0x30,0x00,0x00,0x00,
0x00,0x00,0x00,0x00,0x00,0x3F,0x00,0x03,0xFF,0xFF,0xFF,0xFF,0xFF,0xFF,0xFF,0xFF,
0xFF,0xFF,0xFF,0xFF,0xFF,0xFC,0x00,0x00,0x00,0x00,0x00,0x00,0x00,0x30,0xAA,0xAA,
0xAF,0xD5,0x55,0x96,0x55,0x55,0x7F,0xDF,0x95,0x55,0x55,0x55,0x55,0x55,0xE5,0x6F,
0xFF,0xCA,0xAA,0x0A,0xAA,0x00,0x3F,0x00,0x00,0x00,0x00,0x00,0x00,0x00,0x00,0x00,
0x00,0x3F,0xF0,0x0C,0x0C,0x30,0x03,0x00,0x30,0x30,0x30,0x0C,0x0C,0x0C,0x0C,0x0C,
0x0C,0x3C,0x30,0x03,0x00,0x0C,0xCC,0x33,0x0C,0xC3,0x00,0x33,0x0C,0xC3,0x00,0x00,
0x30,0x00,0x00,0x00,0x00,0x00,0x00,0x00,0x00,0xFC,0x00,0x0F,0xFF,0xFF,0xFF,0xFF,
0xFF,0xFF,0xFF,0xFF,0xFF,0xFF,0xFF,0xFF,0xFF,0xFC,0x00,0x00,0x00,0x00,0x00,0x00,
0x00,0x0D,0xAA,0xAA,0xBF,0x55,0x55,0x5B,0x55,0x55,0x55,0xD7,0x55,0x55,0x55,0x55,
0x57,0xF5,0x56,0x5B,0xFF,0xC1,0xAA,0xA0,0xAA,0x80,0x0B,0xC0,0x00,0x00,0x00,0x00,
0x00,0x00,0x09,0x00,0x00,0xFF,0xFC,0x0F,0xF0,0x3F,0xF0,0xF0,0x30,0x30,0x30,0x0C,
0x0C,0x0C,0x0C,0x0C,0x0C,0x33,0x30,0x00,0x00,0x30,0xCC,0x33,0x0C,0x3C,0x00,0xC3,
0x0C,0xC3,0x00,0x00,0x60,0x00,0x00,0x00,0x00,0x00,0x00,0x00,0x03,0xC0,0x00,0x3F,
0xFF,0xFF,0xFF,0xFF,0xFF,0xFF,0xFF,0xFF,0xFF,0xFF,0xFF,0xFF,0xFF,0xF8,0x00,0x00,
0x00,0x00,0x00,0x00,0x00,0x03,0x2A,0xAA,0xFF,0xFD,0x55,0x55,0x55,0x55,0x55,0x55,
0x55,0x55,0x55,0x55,0x57,0xF9,0x5A,0xBF,0xFF,0xC2,0x68,0xA8,0x02,0xA0,0x00,0xF0,
0x00,0x00,0x00,0x00,0x00,0x00,0x0A,0x00,0x00,0x3F,0xF0,0x0C,0x30,0x30,0x00,0x0C,
0x30,0x30,0x30,0x0C,0x0C,0x0C,0x0C,0x0C,0x0C,0x30,0xF0,0x00,0x00,0x3F,0xFC,0x33,
0x0C,0x3C,0x00,0x33,0x0C,0xC3,0x00,0x00,0xB0,0x00,0x00,0x00,0x00,0x00,0x00,0x00,
0x0F,0x00,0x00,0xFF,0xFF,0xFF,0xFF,0xFF,0xFF,0xFF,0xFF,0xFF,0xFF,0xFF,0xF3,0xFF,
0xFF,0xF0,0x00,0x00,0x00,0x00,0x00,0x00,0x00,0x03,0x2A,0xAB,0xFF,0xFD,0x55,0x55,
0x5D,0x55,0x55,0x55,0x55,0x55,0x56,0x56,0x55,0x55,0xE6,0xFF,0xFF,0xF0,0xAB,0x8B,
0x80,0x29,0x00,0xFC,0x00,0x00,0x00,0x00,0x00,0x00,0x0A,0x00,0x00,0x0F,0xC0,0x0C,
0x0C,0x30,0x03,0x0C,0x30,0x30,0x30,0x0C,0x0C,0x0C,0x0C,0x0C,0x0C,0x30,0xF0,0x00,
0x00,0x00,0xCC,0x33,0x0C,0x3C,0x0C,0x33,0x0C,0xC3,0x00,0x00,0xA0,0x00,0x00,0x00,
0x00,0x00,0x00,0x00,0x3C,0x00,0x03,0xFF,0xFF,0xFF,0xFF,0xFF,0xFF,0xFF,0xFF,0xFF,
0xFF,0xFF,0x00,0x03,0xFF,0xF3,0x00,0x00,0x00,0x00,0x00,0x00,0x00,0x03,0x2A,0xBF,
0xFE,0xE5,0x55,0x55,0x55,0x55,0x55,0x55,0x55,0x55,0x95,0x55,0xE6,0x59,0xE5,0xFE,
0xAA,0xF0,0x28,0xA0,0xA8,0x00,0x00,0x0F,0x00,0x00,0x00,0x00,0x00,0x00,0x0A,0x00,
0x00,0x03,0x00,0x0C,0x0C,0x3F,0xF0,0xF0,0x0F,0xC0,0x3F,0xC3,0xF0,0x0C,0x0C,0x03,
0xF0,0x30,0x30,0x03,0x00,0x00,0xCF,0xC3,0xF0,0xC3,0x03,0xC3,0xF0,0xFC,0x00,0x00,
0xB0,0x00,0x00,0x00,0x00,0x00,0x00,0x00,0x34,0x00,0x03,0xFF,0xFF,0xFF,0xFF,0xFF,
0xFF,0xFF,0xFF,0xFF,0xFF,0xFC,0x00,0x0F,0xFF,0xF0,0x00,0x00,0x00,0x00,0x00,0x00,
0x00,0x03,0x2B,0xFE,0xAA,0xAF,0x55,0x55,0x55,0x55,0x55,0x55,0x55,0x55,0x55,0x55,
0x67,0xA6,0x67,0xFE,0xAA,0xBC,0x0A,0x2A,0x1E,0x00,0x00,0x0F,0x00,0x00,0x00,0x00,
0x00,0x00,0x0A,0x00,0x00,0x00,0x00,0x00,0x00,0x00,0x00,0x00,0x00,0x00,0x00,0x00,
0x00,0x00,0x00,0x00,0x00,0x00,0x00,0x00,0x00,0x00,0x00,0x00,0x00,0x00,0x00,0x00,
0x00,0x00,0x00,0x00,0xA0,0x00,0x00,0x00,0x00,0x00,0x00,0x00,0xF0,0x00,0x0F,0xFF,
0xFF,0xFF,0xFF,0xFF,0xFF,0xFF,0xFF,0xFF,0xFF,0xF0,0x00,0x3F,0xFC,0xD3,0x00,0x00,
0x00,0x00,0x00,0x00,0x00,0x03,0x6F,0xEA,0xAA,0xEF,0x55,0x55,0x55,0x55,0x55,0x55,
0x55,0x55,0x55,0xB5,0x56,0x69,0xA9,0xFE,0xFA,0xAF,0x02,0xE2,0x82,0xA0,0x00,0x03,
0xC0,0x00,0x00,0x00,0x00,0x00,0x06,0x00,0x00,0x00,0x00,0x00,0x00,0x00,0x00,0x00,
0x00,0x00,0x00,0x00,0x00,0x00,0x00,0x00,0x00,0x00,0x00,0x00,0x00,0x00,0x00,0x00,
0x00,0x00,0x00,0x00,0x00,0x00,0x00,0x00,0xB0,0x00,0x00,0x00,0x00,0x00,0x00,0x00,
0xC0,0x00,0x3F,0xFC,0xFF,0xFF,0xFF,0xFF,0xFF,0xFF,0xFF,0xFF,0xFF,0xF0,0x0F,0xFF,
0xD0,0xC3,0x00,0x00,0x00,0x00,0x00,0x00,0x00,0x03,0x24,0xAA,0xAF,0xEA,0x55,0x55,
0x55,0x65,0x65,0x55,0x55,0x55,0x55,0x75,0xE5,0xAA,0xBD,0xFE,0xBE,0xAF,0x00,0x28,
0xA8,0x28,0x00,0x00,0xF0,0x00,0x00,0x00,0x00,0x00,0x00,0x00,0x00,0x00,0x00,0x00,
0x00,0x00,0x00,0x00,0x00,0x00,0x00,0x00,0x00,0x00,0x00,0x00,0x00,0x00,0x00,0x00,
0x00,0x00,0x00,0x00,0x00,0x00,0x00,0x00,0x00,0x00,0x00,0x00,0xB0,0x00,0x00,0x00,
0x00,0x00,0x00,0x03,0xC0,0x00,0x3F,0xF3,0xFF,0xFF,0xFF,0xFF,0xFF,0xFF,0xFF,0xFF,
0xFF,0xF0,0x1F,0xCB,0xC0,0xCC,0x00,0x00,0x00,0x00,0x00,0x00,0x00,0x03,0x02,0xAA,
0xFE,0xAF,0xF5,0x55,0x99,0x55,0x79,0x55,0x96,0x55,0x55,0x55,0x5A,0x69,0x7F,0xFF,
0xAB,0xEB,0xC0,0x02,0x0A,0x06,0x80,0x00,0x3C,0x00,0x00,0x00,0x00,0x00,0x00,0x00,
0x00,0x00,0x00,0x00,0x00,0x00,0x00,0x00,0x00,0x00,0x00,0x00,0x00,0x00,0x00,0x00,
0x00,0x00,0x00,0x00,0x00,0x00,0x00,0x00,0x00,0x00,0x00,0x00,0x00,0x00,0x00,0x00,
0xA0,0x00,0x00,0x00,0x00,0x00,0x00,0x03,0xC0,0x00,0xFF,0xF3,0xFF,0xFF,0xFF,0xFF,
0xFF,0xFF,0xFF,0xFF,0xFF,0xC3,0xF0,0x0F,0x03,0xCC,0x00,0x00,0x00,0x00,0x00,0x00,
0x00,0x03,0x0A,0xAB,0xEA,0xAF,0xD5,0x56,0xD5,0x55,0x55,0x95,0x55,0x55,0x65,0x6D,
0x59,0x66,0x7F,0xFF,0xAA,0xFA,0xF0,0x00,0x40,0x80,0xA0,0x00,0x3C,0x00,0x00,0x00,
0x00,0x00,0x00,0x00,0x00,0x00,0x00,0x00,0x00,0x00,0x00,0x00,0x00,0x00,0x00,0x00,
0x00,0x00,0x00,0x00,0x00,0x00,0x00,0x00,0x00,0x00,0x00,0x00,0x00,0x00,0x00,0x00,
0x00,0x00,0x00,0x00,0xB0,0x00,0x00,0x00,0x00,0x00,0x00,0x03,0xC0,0x00,0xFF,0xCF,
0xFF,0xFF,0xFF,0xFF,0xFF,0xFF,0xFF,0xFF,0xFF,0xC0,0x00,0x3C,0x0F,0x0C,0x00,0x00,
0x00,0x00,0x00,0x00,0x00,0x0C,0x2A,0xAF,0xAA,0xBE,0xEE,0x55,0x56,0x55,0x55,0xD5,
0x55,0x55,0x7D,0x5D,0x5E,0x5F,0xFF,0xFF,0xAA,0xAE,0xBC,0x00,0x00,0x00,0x09,0x00,
0x0F,0x00,0x00,0x00,0x00,0x00,0x00,0x00,0x00,0x00,0x00,0x00,0x00,0x00,0x00,0x00,
0x00,0x00,0x00,0x00,0x00,0x00,0x00,0x00,0x00,0x00,0x00,0x00,0x00,0x00,0x00,0x00,
0x00,0x00,0x00,0x00,0x00,0x00,0x00,0x00,0xA0,0x00,0x00,0x00,0x00,0x00,0x00,0x00,
0xC0,0x03,0xFF,0x0F,0xFF,0xFF,0xFF,0xFF,0xFF,0xFF,0xFF,0xFF,0xFF,0xF0,0x03,0xC4,
0x3C,0x30,0x00,0x00,0x00,0x00,0x00,0x00,0x00,0x0C,0x2A,0xBA,0xAA,0xBF,0xFF,0x55,
0x57,0x55,0x95,0x55,0x55,0x95,0x7D,0x55,0x5F,0x7F,0xFF,0xFF,0xAA,0xAB,0xAF,0x00,
0x00,0x00,0x02,0x80,0x03,0xC0,0x00,0x00,0x00,0x00,0x01,0x00,0x00,0x00,0x00,0x00,
0x00,0x00,0x00,0x00,0x00,0x00,0x00,0x00,0x00,0x00,0x00,0x00,0x00,0x00,0x00,0x00,
0x00,0x00,0x00,0x00,0x00,0x00,0x00,0x00,0x00,0x00,0x00,0x00,0xB0,0x00,0x00,0x00,
0x00,0x00,0x00,0x00,0xC0,0x03,0xFF,0x3F,0xFF,0xFF,0xFF,0xFF,0xFF,0xFF,0xFF,0xFF,
0xFF,0xF0,0x0C,0x00,0xF0,0x40,0x00,0x00,0x00,0x00,0x00,0x00,0x00,0x0C,0xAA,0xAA,
0xAA,0xFF,0xFF,0x55,0x55,0x59,0x55,0x79,0x55,0x5A,0x55,0x56,0x55,0x7C,0x3F,0xFF,
0xAA,0xAA,0xAB,0xD0,0x00,0x00,0x00,0x20,0x03,0xC0,0x00,0x00,0x00,0x00,0x0A,0x00,
0x00,0x00,0x00,0x00,0x00,0x00,0x00,0x00,0x00,0x00,0x00,0x00,0x00,0x00,0x00,0x00,
0x00,0x00,0x00,0x00,0x00,0x00,0x00,0x00,0x00,0x00,0x00,0x00,0x00,0x00,0x00,0x00,
0xA0,0x00,0x00,0x00,0x00,0x00,0x00,0x00,0x30,0x03,0xFC,0x3F,0xFF,0xFF,0xFF,0xFF,
0xFF,0xFF,0xFF,0xFF,0xFF,0xF0,0x00,0x03,0x00,0xC0,0x00,0x00,0x00,0x00,0x00,0x00,
0x00,0x1C,0xAA,0xAA,0xAB,0xFF,0xFD,0xD5,0x55,0x5D,0x5D,0x7D,0x55,0x55,0x59,0x57,
0x6E,0x7D,0xA3,0xFF,0xEA,0xAA,0xAA,0xFC,0x00,0x00,0x00,0x04,0x00,0xF0,0x00,0x00,
0x00,0x00,0x0A,0x00,0x00,0x00,0x00,0x00,0x00,0x00,0x00,0x00,0x00,0x00,0x00,0x00,
0x00,0x00,0x00,0x00,0x00,0x00,0x00,0x00,0x00,0x00,0x00,0x00,0x00,0x00,0x00,0x00,
0x00,0x00,0x00,0x00,0xB0,0x00,0x00,0x00,0x00,0x00,0x00,0x00,0x00,0x03,0xFC,0x3F,
0xFF,0xFF,0xFF,0xFF,0xFF,0xFF,0xFF,0xFF,0xFF,0xF0,0x00,0x00,0x00,0x00,0x00,0x00,
0x00,0x00,0x00,0x00,0x00,0x32,0xAA,0xAA,0xAB,0xFF,0xAA,0xFE,0x55,0x55,0x59,0x55,
0x95,0x55,0x6D,0x55,0x6F,0xFE,0xA8,0xFF,0xEA,0xAA,0xAA,0xAF,0x00,0x00,0x00,0x00,
0x00,0x30,0x00,0x00,0x00,0x00,0x0A,0x00,0x00,0x00,0x00,0x00,0x00,0x00,0x00,0x00,
0x00,0x00,0x00,0x00,0x00,0x00,0x00,0x00,0x00,0x00,0x00,0x00,0x00,0x00,0x00,0x00,
0x00,0x00,0x00,0x00,0x00,0x00,0x00,0x00,0xA0,0x00,0x00,0x00,0x00,0x00,0x00,0x00,
0x00,0x0F,0xF0,0xFF,0xFF,0xFF,0xFF,0xFF,0xFF,0xFF,0xFF,0xFF,0xFF,0xFC,0x00,0x00,
0x00,0x00,0x00,0x00,0x00,0x00,0x00,0x00,0x00,0x32,0xAA,0xAA,0xAF,0xFA,0xAA,0xBF,
0x95,0x55,0x55,0x55,0xF5,0x75,0x55,0x5B,0x7F,0xFE,0xAA,0x0F,0xFA,0xAA,0xAA,0xAB,
0xF0,0x00,0x00,0x00,0x00,0x3C,0x00,0x00,0x00,0x00,0x0B,0x00,0x00,0x00,0x00,0x00,
0x00,0x00,0x00,0x00,0x00,0x00,0x00,0x00,0x00,0x00,0x00,0x00,0x00,0x00,0x00,0x00,
0x00,0x00,0x00,0x00,0x00,0x00,0x00,0x00,0x00,0x00,0x00,0x00,0xB0,0x00,0x00,0x00,
0x00,0x00,0x00,0x00,0x00,0x03,0xF0,0xFF,0xFF,0xFF,0xFF,0xFF,0xFF,0xFF,0xFF,0xFF,
0xFF,0xFF,0x00,0x00,0x00,0x00,0x00,0x00,0x00,0x00,0x00,0x00,0x00,0xCA,0xAA,0xAA,
0xBF,0xAA,0xBE,0xA7,0xD5,0x55,0x55,0x55,0x55,0x7A,0xA5,0x6F,0xFF,0xFE,0xAA,0xA3,
0xFA,0xAA,0xAA,0xAA,0xBF,0x00,0x00,0x00,0x00,0x0C,0x00,0x00,0x00,0x00,0x00,0x00,
0x00,0x00,0x00,0x00,0x00,0x00,0x00,0x00,0x00,0x00,0x00,0x00,0x00,0x00,0x00,0x00,
0x00,0x00,0x00,0x00,0x00,0x00,0x00,0x00,0x00,0x00,0x00,0x00,0x00,0x00,0x00,0x00,
0xB0,0x00,0x00,0x00,0x00,0x00,0x00,0x00,0x00,0x03,0xF0,0xF3,0xFF,0xFF,0xFF,0xFF,
0xFF,0xFF,0xFF,0xFF,0xFF,0xFF,0xC0,0x00,0x00,0x00,0x00,0x00,0x00,0x00,0x00,0x00,
0x03,0xCA,0xAA,0xAA,0xFA,0xAB,0xFA,0xA0,0x7D,0x55,0x55,0x65,0x59,0x56,0x55,0xBF,
0xFF,0xFC,0x8A,0xA8,0xFE,0xAA,0xAA,0xAA,0xAF,0xFC,0x00,0x00,0x00,0x0F,0x00,0x00,
0x00,0x00,0x00,0x00,0x00,0x00,0x00,0x00,0x00,0x00,0x00,0x00,0x00,0x00,0x00,0x00,
0x00,0x00,0x00,0x00,0x00,0x00,0x00,0x00,0x00,0x00,0x00,0x00,0x00,0x00,0x00,0x00,
0x00,0x00,0x00,0x00,0xA0,0x00,0x00,0x00,0x00,0x00,0x00,0x00,0x00,0x03,0xF0,0xF3,
0xFF,0xFF,0xFF,0xFF,0xFF,0xFF,0xFF,0xFF,0xFF,0xFF,0xFC,0x00,0x0C,0x00,0x00,0x00,
0x00,0x00,0x00,0x00,0x0F,0x2A,0xAA,0xAF,0xAA,0xAF,0xAA,0xBF,0xFE,0xE5,0x55,0x55,
0x56,0x96,0x6F,0x7E,0xFF,0xFC,0x92,0xAA,0x3F,0xAA,0xAA,0xAA,0xA3,0xFF,0xFF,0x80,
0x00,0x03,0x00,0x00,0x00,0x00,0x00,0x00,0x00,0x00,0x00,0x00,0x00,0x00,0x00,0x00,
0x00,0x00,0x00,0x00,0x00,0x00,0x00,0x00,0x00,0x00,0x00,0x00,0x00,0x00,0x00,0x00,
0x00,0x00,0x00,0x00,0x00,0x00,0x00,0x00,0x70,0x00,0x00,0x00,0x00,0x00,0x00,0x00,
0x00,0x03,0xF0,0xF3,0xFF,0xFF,0xFF,0xFF,0xFF,0xFF,0xFF,0xFF,0xFF,0xFF,0xFF,0xFF,
0xFC,0x00,0x00,0x00,0x00,0x00,0x00,0x00,0x3C,0x2A,0xAA,0xBA,0xEA,0xBE,0xAA,0xFF,
0xFF,0xF6,0xD5,0x56,0x59,0x65,0x7F,0xFE,0xBF,0xFC,0xA2,0xAA,0x9A,0xEA,0xAA,0xAA,
0xAB,0xC0,0xFF,0xFF,0xC0,0x03,0xC0,0x00,0x00,0x00,0x00,0x00,0x00,0x00,0x00,0x00,
0x00,0x00,0x00,0x00,0x00,0x00,0x00,0x00,0x00,0x00,0x00,0x00,0x00,0x00,0x00,0x00,
0x00,0x00,0x00,0x00,0x00,0x00,0x00,0x00,0x00,0x00,0x00,0x00,0x30,0x00,0x00,0x00,
0x00,0x00,0x00,0x00,0x00,0x03,0xF0,0xF3,0xFF,0xFF,0xFF,0xFF,0xFF,0xFF,0xFF,0xFF,
0xFF,0xFF,0xFF,0xFF,0xF0,0x00,0x00,0x00,0x00,0x00,0x00,0x00,0xF0,0xAA,0xAA,0xAF,
0xAA,0xEA,0xAA,0xFF,0xE9,0xFF,0xD7,0x9F,0x65,0xFF,0xFF,0xFA,0xAF,0xFC,0xA0,0xAA,
0xA3,0xAA,0xAA,0xAA,0xA9,0xF0,0x00,0x1F,0xFF,0xF2,0xC0,0x00,0x00,0x00,0x00,0x00,
0x00,0x00,0x00,0x00,0x00,0x00,0x00,0x00,0x00,0x00,0x00,0x00,0x00,0x00,0x00,0x00,
0x00,0x00,0x00,0x00,0x00,0x00,0x00,0x00,0x00,0x00,0x00,0x00,0x00,0x00,0x00,0x00,
0x30,0x00,0x00,0x00,0x00,0x00,0x00,0x00,0x00,0x00,0xF0,0xF1,0xFF,0xFF,0xFF,0xFF,
0xFF,0xFF,0xFF,0xFF,0xFF,0xFF,0xFF,0xFD,0x00,0x00,0x00,0x00,0x00,0x00,0x00,0x0F,
0xC2,0xAA,0xAA,0xEE,0xAA,0xAA,0xAB,0xFE,0xAA,0xBF,0xFF,0xFF,0xFE,0xFF,0xFF,0xFB,
0xAB,0xFC,0x38,0x6A,0xA8,0xEA,0xAA,0xAA,0xAA,0x30,0x00,0x00,0x03,0xFF,0x00,0x00,
0x00,0x00,0x00,0x00,0x00,0x03,0x00,0x00,0x00,0x00,0x00,0x00,0x00,0x00,0x00,0x00,
0x00,0x00,0x00,0x00,0x00,0x00,0x00,0x00,0x00,0x00,0x00,0x00,0x00,0x00,0x00,0x00,
0x00,0x00,0x00,0x00,0x20,0x00,0x00,0x00,0x00,0x00,0x00,0x00,0x00,0x00,0x3C,0xF0,
0xFF,0xFF,0xFF,0xFF,0xFF,0xFF,0xFF,0xFF,0xFF,0xFF,0xFF,0xFF,0x00,0x00,0x00,0x00,
0x00,0x00,0x00,0xFC,0x0A,0xAA,0xAA,0xBA,0xAA,0xAA,0xAF,0xFA,0xFA,0xFF,0xFE,0xBF,
0xFF,0xE9,0xFF,0xFA,0xEA,0xFC,0x28,0x2A,0xA9,0x3A,0xAA,0xAA,0xAA,0x3C,0x00,0x00,
0x00,0x00,0x00,0x00,0x00,0x00,0x0A,0x00,0x00,0x03,0x00,0x03,0xF0,0x0F,0xC0,0xC0,
0xC3,0x03,0x03,0xFF,0x0F,0xC3,0xFF,0x0F,0xC0,0x3F,0xC0,0x00,0x00,0x00,0x00,0x00,
0x00,0x00,0x00,0x00,0x00,0x00,0x00,0x00,0x30,0x00,0x00,0x00,0x00,0x00,0x00,0x00,
0x00,0x00,0x3C,0xF0,0xFF,0xFF,0xFF,0xFF,0xFF,0xFF,0xFF,0xFF,0xFF,0xFF,0xFF,0xFF,
0xC0,0x00,0x00,0x00,0x00,0x00,0x3F,0xC0,0x2A,0xAA,0xAA,0xFA,0xAA,0xAA,0xAF,0xEA,
0xEB,0xFF,0xFA,0xAF,0xFF,0xAA,0xFF,0xFA,0xEA,0xBF,0x0E,0x06,0xAA,0x3E,0xAA,0xAA,
0xAA,0xBC,0x00,0x00,0x00,0x00,0x00,0x00,0x00,0x00,0x0A,0x00,0x00,0x0F,0xC0,0x0C,
0x0C,0x30,0x30,0xF0,0xC3,0xC3,0x03,0x00,0x30,0x30,0x30,0x30,0x30,0x30,0x30,0x00,
0x00,0x00,0x00,0x00,0x00,0x00,0x00,0x00,0x00,0x00,0x00,0x00,0x20,0x00,0x00,0x00,
0x00,0x00,0x00,0x00,0x00,0x00,0x0C,0x3C,0x3F,0xFF,0xFF,0xFF,0xFF,0xFF,0xFF,0xFF,
0xFF,0xFF,0xFF,0xFD,0xC0,0x00,0x00,0x00,0x00,0xFF,0xF0,0x03,0xAA,0xAA,0xAB,0xEA,
0xAA,0xAA,0xBF,0xAB,0xEB,0xFF,0xEA,0xEF,0xFF,0xAA,0xFF,0xEA,0xEA,0xBF,0x0A,0x00,
0x2A,0x4F,0xAA,0xAA,0xAA,0xAF,0x00,0x00,0x00,0x00,0x00,0x00,0x00,0x00,0x01,0x00,
0x00,0x3F,0xF0,0x0C,0x00,0x30,0x30,0xF0,0xC3,0xC3,0x03,0x00,0x30,0x00,0x30,0x30,
0x30,0x30,0x30,0x03,0x00,0x00,0x00,0x00,0x00,0x00,0x00,0x00,0x00,0x00,0x00,0x00,
0x38,0x00,0x00,0x00,0x00,0x00,0x00,0x00,0x00,0x00,0x00,0x3F,0x3F,0xFF,0xFF,0xFF,
0xFF,0xFF,0xFF,0xFF,0xFF,0xFF,0xFF,0xFC,0xF0,0x00,0x00,0x00,0x3F,0xFC,0x00,0x07,
0xAA,0xAA,0xAB,0xAA,0xAA,0xAA,0xBE,0xAB,0xAB,0xFF,0xAB,0xAF,0xFE,0xEA,0xBF,0xEA,
0xEA,0xAF,0x02,0x80,0x0A,0x83,0x9A,0xAA,0xAA,0xAF,0x00,0x00,0x00,0x00,0x00,0x00,
0x00,0x00,0x00,0x00,0x00,0xFF,0xFC,0x0C,0x00,0x30,0x30,0xCC,0xC3,0x33,0x03,0xFF,
0x30,0x00,0x30,0x30,0x30,0x3F,0xC0,0x00,0x00,0x00,0x00,0x00,0x00,0x00,0x00,0x00,
0x00,0x00,0x00,0x00,0x28,0x00,0x00,0x00,0x00,0x00,0x00,0x00,0x00,0x00,0x00,0x0F,
0xFF,0xFF,0xFF,0xFF,0xFF,0xFF,0xFF,0xFF,0xFF,0xFF,0xFF,0xFC,0xD0,0x00,0x00,0x01,
0xFC,0x00,0x00,0x0E,0xAA,0xAA,0xAF,0xAA,0xAA,0xAA,0xFA,0xAE,0xAF,0xFE,0xAB,0xEF,
0xFA,0xEA,0x8F,0xEA,0xFA,0xAF,0x02,0x80,0x02,0xA3,0xEA,0xAA,0xAA,0xAB,0x00,0x00,
0x00,0x00,0x00,0x00,0x00,0x00,0x00,0x00,0x00,0x3F,0xF0,0x0C,0x00,0x30,0x30,0xC3,
0xC3,0x0F,0x03,0x00,0x30,0x00,0x30,0x30,0x30,0x30,0xC0,0x00,0x00,0x00,0x00,0x00,
0x00,0x00,0x00,0x00,0x00,0x00,0x00,0x00,0x38,0x00,0x00,0x00,0x00,0x00,0x00,0x00,
0x00,0x00,0x00,0x0C,0x3F,0xFF,0xFF,0xFF,0xFF,0xFF,0xFF,0xFF,0xFF,0xFF,0xFF,0xFC,
0xC0,0x00,0x00,0x0F,0xC0,0x00,0x00,0x3E,0xAA,0xAA,0xAE,0xAA,0xAA,0xAB,0xEA,0xAE,
0xAF,0xFA,0xAB,0xAF,0xFB,0xAA,0xAF,0xEA,0xBA,0xAB,0xC0,0xA0,0x82,0xA0,0xFA,0xAA,
0xAA,0xAB,0xC0,0x00,0x00,0x00,0x00,0x00,0x00,0x00,0x00,0x00,0x00,0x0F,0xC0,0x0C,
0x0C,0x30,0x30,0xC3,0xC3,0x0F,0x03,0x00,0x30,0x30,0x30,0x30,0x30,0x30,0x30,0x00,
0x00,0x00,0x00,0x00,0x00,0x00,0x00,0x00,0x00,0x00,0x00,0x00,0x28,0x00,0x00,0x00,
0x00,0x00,0x00,0x00,0x00,0x00,0x00,0x03,0x03,0xFF,0xFF,0xFF,0xFF,0xFF,0xFF,0xFF,
0xFF,0xFF,0xFF,0xF3,0xC0,0x00,0x00,0x3F,0x00,0x00,0x00,0x3A,0xAA,0xAA,0xBE,0x9A,
0xAA,0xAF,0xAA,0xBA,0xAF,0xFA,0xAB,0xAF,0xEB,0xEA,0xAF,0xEA,0xBA,0xAB,0xC0,0x38,
0x00,0xA8,0xFA,0xAA,0xAA,0xAB,0xC0,0x00,0x00,0x00,0x00,0x00,0x00,0x00,0x00,0x00,
0x00,0x03,0x00,0x03,0xF0,0x0F,0xC0,0xC0,0xC3,0x03,0x03,0xFF,0x0F,0xC0,0x30,0x0F,
0xC0,0x30,0x30,0x03,0x00,0x00,0x00,0x00,0x00,0x00,0x00,0x00,0x00,0x00,0x00,0x00,
0x2C,0x00,0x00,0x00,0x00,0x00,0x00,0x00,0x00,0x00,0x00,0x03,0xC0,0xFF,0xFF,0xFF,
0xFF,0xFF,0xFF,0xFF,0xFF,0xFF,0xFF,0xC3,0x00,0x00,0x00,0x3C,0x00,0x00,0x00,0xFA,
0xAA,0xAB,0xF9,0x2A,0xAA,0x9F,0xAA,0xAA,0xAF,0xEA,0xAB,0xAF,0xEB,0xAA,0xA3,0xEA,
0xBA,0xAB,0xF0,0x28,0x20,0x28,0x3E,0xAA,0xAA,0xAA,0xC0,0x00,0x00,0x00,0x00,0x00,
0x00,0x00,0x09,0x00,0x00,0x00,0x00,0x00,0x00,0x00,0x00,0x00,0x00,0x00,0x00,0x00,
0x00,0x00,0x00,0x00,0x00,0x00,0x00,0x00,0x00,0x00,0x00,0x00,0x00,0x00,0x00,0x00,
0x00,0x00,0x00,0x00,0x18,0x00,0x00,0x00,0x00,0x00,0x00,0x00,0x00,0x00,0x00,0x00,
0xF0,0x3F,0xFF,0xFF,0xFF,0xFF,0xFF,0xFF,0xFF,0xFF,0xFF,0xCC,0x00,0x00,0x00,0xF0,
0x00,0x00,0x00,0xEA,0xAA,0xFF,0xF0,0xAA,0xAA,0x3E,0xAA,0xAA,0xAF,0xAA,0xAB,0xAB,
0xEB,0xAA,0xA3,0xEA,0xAA,0xAA,0xF0,0x0A,0x08,0x6A,0x3E,0xAA,0xAA,0xAA,0xF0,0x00,
0x00,0x00,0x00,0x00,0x00,0x00,0x0A,0x00,0x00,0x00,0x00,0x00,0x00,0x00,0x00,0x00,
0x00,0x00,0x00,0x00,0x00,0x00,0x00,0x00,0x00,0x00,0x00,0x00,0x00,0x00,0x00,0x00,
0x00,0x00,0x00,0x00,0x00,0x00,0x00,0x00,0x0C,0x00,0x00,0x00,0x00,0x00,0x00,0x00,
0x00,0x00,0x00,0x00,0x3F,0x3F,0xFF,0xFF,0xFF,0xFF,0xFF,0xFF,0xFF,0xFF,0xFF,0xF0,
0x00,0x00,0x03,0xC0,0x00,0x00,0x00,0xEA,0xFF,0xF8,0xC1,0xAA,0xA8,0x7A,0xAA,0xAA,
0xAF,0xAA,0xAB,0xAB,0xAA,0xAA,0xA3,0xEA,0xAA,0xAA,0xF0,0x02,0x84,0x8A,0x2F,0xAA,
0xAA,0xAA,0xF0,0x00,0x00,0x00,0x00,0x00,0x00,0x00,0x0E,0x00,0x00,0x00,0x00,0x00,
0x00,0x00,0x00,0x00,0x00,0x00,0x00,0x00,0x00,0x00,0x00,0x00,0x00,0x00,0x00,0x00,
0x00,0x00,0x00,0x00,0x00,0x00,0x00,0x00,0x00,0x00,0x00,0x00,0x08,0x00,0x00,0x00,
0x00,0x00,0x00,0x00,0x00,0x00,0x00,0x00,0x00,0x00,0x01,0xFF,0xFF,0xFF,0xFF,0xFF,
0xFF,0xFF,0xEA,0xBF,0x00,0x00,0x0F,0x00,0x00,0x00,0x00,0xEF,0xFA,0x43,0xC2,0xAA,
0xA0,0xFA,0xAA,0xAA,0xBE,0xAA,0xAA,0xAB,0xAA,0xAA,0xA7,0xEA,0xAA,0xAA,0xBC,0x02,
0xA2,0x2A,0x8F,0xEA,0xAA,0xAA,0xB8,0x00,0x00,0x00,0x00,0x00,0x00,0x00,0x00,0x00,
0x00,0x00,0x00,0x00,0x00,0x00,0x00,0x00,0x00,0x00,0x00,0x00,0x00,0x00,0x00,0x00,
0x00,0x00,0x00,0x00,0x00,0x00,0x00,0x00,0x00,0x00,0x00,0x00,0x00,0x00,0x00,0x00,
0x0C,0x00,0x00,0x00,0x00,0x00,0x00,0x00,0x00,0x00,0x00,0x00,0x00,0x00,0x0F,0x0F,
0xFF,0xFF,0xFF,0xFF,0xFA,0xAA,0xAA,0xAF,0xC0,0x00,0x0F,0x00,0x00,0x00,0x00,0xAE,
0xA0,0x03,0x01,0xAA,0x83,0xEA,0xAA,0xAA,0xBE,0xAA,0xAA,0xAF,0xAA,0xAA,0xA8,0xEA,
0xAA,0xAA,0xAF,0x00,0xA2,0xA6,0xAB,0xFA,0xAA,0xAA,0xBC,0x00,0x00,0x00,0x00,0x00,
0x00,0x00,0x00,0x00,0x00,0x00,0x00,0x00,0x00,0x00,0x00,0x00,0x00,0x00,0x00,0x00,
0x00,0x00,0x00,0x00,0x00,0x00,0x00,0x00,0x00,0x00,0x00,0x00,0x00,0x00,0x00,0x00,
0x00,0x00,0x00,0x00,0x0C,0x00,0x00,0x00,0x00,0x00,0x00,0x00,0x00,0x00,0x00,0x00,
0x00,0x0C,0xF0,0x00,0x30,0x1F,0xFF,0xFE,0xAA,0xAA,0xAA,0xAA,0xF0,0x00,0x3C,0x00,
0x00,0x00,0x00,0x24,0x00,0x0F,0x0A,0xAA,0x0F,0xAA,0xAA,0xAA,0xBA,0xAA,0xAA,0xAF,
0xAA,0xAA,0xA8,0xFA,0xAA,0xAA,0xAB,0x00,0x29,0xAA,0xA3,0xFF,0xAA,0xAA,0xAE,0x00,
0x00,0x00,0x00,0x00,0x00,0x00,0x00,0x00,0x00,0x00,0x00,0x0F,0x00,0x30,0x00,0x00,
0xC0,0x00,0x00,0xFF,0x0F,0xF0,0x3F,0x00,0x00,0x00,0x00,0x00,0x00,0x00,0x00,0x00,
0x00,0x00,0x00,0x00,0x00,0x00,0x00,0x00,0x0C,0x00,0x00,0x00,0x00,0x00,0x00,0x00,
0x00,0x00,0x00,0x00,0x00,0x00,0x00,0x00,0x01,0xF3,0xEA,0xAA,0xAB,0xFA,0xAA,0xAA,
0xBF,0x00,0x33,0x00,0x00,0x00,0x00,0x00,0x00,0x0C,0x0A,0xA0,0x3F,0xAA,0xAA,0xAA,
0xFA,0xAA,0xAA,0xAE,0xAA,0xAA,0xA0,0xFA,0xAA,0xAA,0xAB,0xC0,0x2A,0xAA,0xAB,0xCF,
0xFA,0xAA,0xAF,0x00,0x00,0x00,0x00,0x00,0x00,0x00,0x00,0x00,0x00,0x00,0x00,0x30,
0xC0,0xF0,0x00,0x00,0x00,0x00,0x00,0xC0,0x0C,0x30,0xC0,0xC0,0x00,0x00,0x00,0x00,
0x00,0x00,0x00,0x00,0x00,0x00,0x00,0x00,0x00,0x00,0x00,0x00,0x0C,0x00,0x00,0x00,
0x00,0x00,0x00,0x00,0x00,0x00,0x00,0x00,0x00,0x00,0x00,0x00,0x0C,0x0F,0xAA,0xAA,
0xBE,0xAA,0xAB,0xEA,0xAB,0xC0,0xF9,0xC0,0x00,0x00,0x00,0x00,0x00,0x3C,0x0A,0x43,
0xFF,0xAA,0xAA,0xAA,0xFA,0xAA,0xAA,0xAD,0xAA,0xAA,0xA0,0xFA,0xAA,0xAA,0xAA,0xF1,
0x0A,0xAA,0xAA,0xD2,0xFF,0xEA,0xAB,0x80,0x00,0x00,0x00,0x00,0x00,0x00,0x00,0x00,
0x00,0x00,0x00,0x00,0xC3,0x30,0x03,0xF0,0xCF,0xF0,0x00,0xC0,0x0C,0x30,0xC0,0x00,
0x00,0x00,0x00,0x00,0x00,0x00,0x00,0x00,0x00,0x00,0x00,0x00,0x00,0x00,0x00,0x00,
0x0C,0x00,0x00,0x00,0x00,0x00,0x00,0x00,0x00,0x00,0x00,0x00,0x00,0x00,0x00,0x00,
0x00,0xFE,0xAA,0xAB,0xEA,0xAA,0xAA,0xFE,0xAA,0xF0,0xFA,0xF0,0x00,0x00,0x00,0x00,
0x00,0x34,0x18,0x0F,0xCE,0xAA,0xAA,0xAA,0xEA,0xAA,0xAA,0xAE,0xAA,0xAA,0xA0,0xFA,
0xAA,0xAA,0xAA,0xF0,0x82,0xAA,0xAA,0xF0,0x2B,0xFF,0xAB,0xC0,0x00,0x00,0x00,0x00,
0x00,0x00,0x00,0x00,0x00,0x00,0x00,0x03,0x0C,0x30,0x03,0x0C,0xCC,0x30,0x00,0xFC,
0x0F,0xF0,0xC0,0x00,0x00,0x00,0x00,0x00,0x00,0x00,0x00,0x00,0x00,0x00,0x00,0x00,
0x00,0x00,0x00,0x00,0x0C,0x00,0x00,0x00,0x00,0x00,0x00,0x00,0x00,0x00,0x00,0x00,
0x00,0x00,0x00,0x00,0x03,0xFA,0xAA,0xAF,0xAA,0xAA,0xAA,0x8F,0xAA,0xFF,0xFF,0x0C,
0x00,0x00,0x00,0x00,0x00,0x30,0x00,0xFC,0x3E,0xAA,0xAA,0xAB,0xEA,0xAA,0xAA,0xAD,
0xAA,0xAA,0xA0,0x3A,0xAA,0xAA,0xAA,0xBC,0x28,0xAA,0xAA,0xF0,0x00,0xBF,0xFF,0xE0,
0x00,0x00,0x00,0x00,0x00,0x00,0x00,0x00,0x00,0x00,0x00,0x03,0x0F,0xFC,0x03,0x0C,
0xCC,0x30,0x00,0xC0,0x0C,0x00,0xC0,0x00,0x00,0x00,0x00,0x00,0x00,0x00,0x00,0x00,
0x00,0x00,0x00,0x00,0x00,0x00,0x00,0x00,0x08,0x00,0x00,0x00,0x00,0x00,0x00,0x00,
0x00,0x00,0x00,0x00,0x00,0x00,0x00,0x00,0x0F,0xEA,0xAA,0xBE,0xAA,0xAA,0xAA,0xA3,
0xEA,0xAF,0x3F,0xCF,0x00,0x00,0x00,0x00,0x00,0x30,0x03,0xF0,0x3A,0xAA,0xAA,0xAB,
0xEA,0xAA,0xAA,0xBE,0xAA,0xA9,0xA0,0x3E,0xAA,0xAA,0xAA,0xBF,0x0A,0x6A,0xAA,0xB4,
0x00,0x02,0xBF,0x80,0x00,0x00,0x00,0x00,0x00,0x00,0x01,0x00,0x00,0x00,0x00,0x0C,
0x00,0x30,0x03,0x0C,0xCC,0x30,0x00,0xC0,0x0C,0x00,0xC0,0xC0,0x00,0x00,0x00,0x00,
0x00,0x00,0x00,0x00,0x00,0x00,0x00,0x00,0x00,0x00,0x00,0x00,0x0C,0x00,0x00,0x00,
0x00,0x00,0x00,0x00,0x00,0x00,0x00,0x00,0x00,0x00,0x00,0x00,0x3F,0xAA,0xAA,0xFA,
0xAA,0xAA,0xAA,0xA8,0xEA,0xAA,0xFE,0xE3,0xC0,0x00,0x00,0x00,0x00,0xF0,0x3F,0x00,
0x3A,0xAA,0xAA,0xAB,0xAA,0xAA,0xAA,0xBC,0xAA,0xAA,0xA0,0x3E,0xAA,0xAA,0xAA,0xBF,
0xC2,0xAA,0xAA,0xBC,0x00,0x00,0x00,0x00,0x00,0x00,0x00,0x00,0x00,0x00,0x00,0x00,
0x00,0x00,0x00,0x3F,0xC0,0x30,0x03,0xF0,0xCC,0x30,0x00,0xC0,0x0C,0x00,0x3F,0x03,
0x00,0x00,0x00,0x00,0x00,0x00,0x00,0x00,0x00,0x00,0x00,0x00,0x00,0x00,0x00,0x00,
0x00,0x00,0x00,0x00,0x00,0x00,0x00,0x00,0x00,0x00,0x00,0x00,0x00,0x00,0x00,0x00,
0xFE,0xAA,0xAB,0xEA,0xAA,0xAA,0xAA,0xAA,0x3A,0xAA,0xAA,0xE0,0xC0,0x00,0x00,0x00,
0x00,0xE0,0xF8,0x00,0xFA,0xAA,0xAA,0xAF,0xAA,0xAA,0xAA,0xBD,0xAA,0xA0,0x80,0xFC,
0xAA,0xAA,0xAA,0xBC,0xFC,0xAA,0xAA,0xBC,0x00,0x00,0x00,0x00,0x00,0x00,0x00,0x00,
0x00,0x00,0x04,0x00,0x00,0x00,0x00,0x00,0x00,0x00,0x03,0x00,0x00,0x00,0x00,0x00,
0x00,0x00,0x00,0x03,0x00,0x00,0x00,0x00,0x00,0x00,0x00,0x00,0x00,0x00,0x00,0x00,
0x00,0x00,0x00,0x00,0x00,0x00,0x00,0x00,0x00,0x00,0x00,0x00,0x00,0x00,0x00,0x00,
0x00,0x00,0x00,0x03,0xFA,0xAA,0xAF,0xAA,0xAA,0xAA,0xAA,0xAA,0x7E,0xBA,0xAA,0xE8,
0xC0,0x00,0x00,0x00,0x00,0xC3,0xC0,0x00,0xFA,0xAA,0xAA,0xBF,0xAA,0xAA,0xAA,0xBC,
0xAA,0xA4,0x80,0x7F,0xAA,0xAA,0xAA,0xBC,0x3F,0x1A,0xAA,0xAC,0x00,0x00,0x00,0x00,
0x00,0x00,0x00,0x00,0x00,0x00,0x0A,0x00,0x00,0x00,0x00,0x00,0x00,0x00,0x03,0x00,
0x00,0x00,0x00,0x00,0x00,0x00,0x00,0x00,0x00,0x00,0x00,0x00,0x00,0x00,0x00,0x00,
0x00,0x00,0x00,0x00,0x00,0x00,0x00,0x00,0x08,0x00,0x00,0x00,0x00,0x00,0x00,0x00,
0x00,0x00,0x00,0x00,0x00,0x00,0x00,0x0F,0xEA,0xAA,0xBE,0xAA,0xAA,0xAA,0xAA,0xAA,
0x8E,0xAF,0xAB,0xE8,0xF0,0x00,0x00,0x00,0x00,0xFF,0x00,0x00,0xEA,0xAA,0xAA,0xFF,
0xAA,0xAA,0xAA,0xBC,0xAA,0xA0,0x80,0xF3,0x2A,0xAA,0xAA,0xAC,0x03,0xF2,0xAA,0xAF,
0x00,0x00,0x00,0x00,0x00,0x00,0x00,0x00,0x00,0x00,0x0A,0x00,0x00,0x00,0x00,0x00,
0x00,0x00,0x00,0x00,0x00,0x00,0x00,0x00,0x00,0x00,0x00,0x00,0x00,0x00,0x00,0x00,
0x00,0x00,0x00,0x00,0x00,0x00,0x00,0x00,0x00,0x00,0x00,0x00,0x0C,0x00,0x00,0x00,
0x00,0x00,0x00,0x00,0x00,0x00,0x00,0x00,0x00,0x00,0x00,0x0F,0xAA,0xAA,0xFA,0xAA,
0xAA,0xAA,0xAA,0xAA,0x8F,0xAB,0xEB,0xE8,0xF0,0x00,0x00,0x00,0x00,0x3C,0x00,0x00,
0xEA,0xAA,0xAA,0xFE,0xAA,0xA9,0xAA,0xBC,0xAA,0xA0,0x80,0xF3,0xEA,0xAA,0xAA,0xAE,
0x00,0xFC,0x6A,0xAF,0x00,0x00,0x00,0x00,0x00,0x00,0x00,0x00,0x00,0x00,0x06,0x00,
0x00,0x00,0x00,0x00,0x00,0x00,0x00,0x00,0x00,0x00,0x00,0x00,0x00,0x00,0x00,0x00,
0x00,0x00,0x00,0x00,0x00,0x00,0x00,0x00,0x00,0x00,0x00,0x00,0x00,0x00,0x00,0x00,
0x0C,0x00,0x00,0x00,0x00,0x00,0x00,0x00,0x00,0x00,0x00,0x00,0x00,0x00,0x00,0x3E,
0xAA,0xAA,0xEA,0xAA,0xAA,0xAA,0xAA,0xAA,0xAF,0xAA,0xBF,0xA8,0xF0,0x00,0x00,0x00,
0x00,0x00,0x00,0x00,0xEA,0xAA,0xAF,0xCE,0xAA,0xAA,0xAA,0xFC,0xA6,0xA0,0x80,0xF7,
0xFA,0xAA,0xAA,0xAF,0x00,0x0F,0xEA,0xAB,0x80,0x00,0x00,0x00,0x00,0x00,0x00,0x00,
0x00,0x00,0x0A,0x00,0x00,0x00,0x00,0x00,0x00,0x00,0x00,0x00,0x00,0x00,0x00,0x00,
0x00,0x00,0x00,0x00,0x00,0x00,0x00,0x00,0x00,0x00,0x00,0x00,0x00,0x00,0x00,0x00,
0x00,0x00,0x00,0x00,0x09,0x00,0x00,0x00,0x00,0x00,0x00,0x00,0x00,0x00,0x00,0x00,
0x00,0x00,0x00,0xFA,0xAA,0xAA,0xAA,0xAA,0xAA,0xAA,0xAA,0xAA,0xA3,0xAA,0xAA,0xA8,
0xF0,0x00,0x00,0x00,0x00,0x00,0x00,0x03,0xEA,0xAA,0xBF,0x0E,0xAA,0xAA,0xAA,0xFC,
0x6A,0xA0,0x80,0xCF,0xFA,0xAA,0xAA,0xAF,0x00,0x02,0xFE,0xAB,0xC0,0x00,0x00,0x00,
0x00,0x00,0x00,0x00,0x00,0x00,0x0A,0x00,0x00,0x00,0x00,0x00,0x0C,0x30,0x00,0x30,
0x00,0x00,0x0F,0xC0,0x0F,0xC0,0x00,0x00,0x00,0x00,0x00,0x00,0x00,0x00,0x00,0x00,
0x00,0x00,0x00,0x00,0x00,0x00,0x00,0x00,0x0C,0x00,0x00,0x00,0x00,0x00,0x00,0x00,
0x00,0x00,0x00,0x00,0x00,0x00,0x03,0xEA,0xAA,0xAA,0xAA,0xAA,0xAA,0xAA,0xAA,0xAA,
0xA3,0xAA,0xAA,0xA8,0xF0,0x00,0x00,0x00,0x00,0x00,0x00,0x03,0xEA,0xAA,0xFC,0x0E,
0xAA,0xAA,0xAA,0xCC,0x22,0xA0,0x03,0xCF,0xFE,0xAA,0xAA,0xAF,0x00,0x00,0x7F,0xEA,
0xC0,0x00,0x00,0x00,0x00,0x00,0x00,0x00,0x00,0x00,0x0A,0x00,0x00,0x00,0x00,0x00,
0x00,0x30,0x00,0x30,0x00,0x00,0x30,0xC0,0x0C,0x00,0x00,0x00,0x00,0x00,0x00,0x00,
0x00,0x00,0x00,0x00,0x00,0x00,0x00,0x00,0x00,0x00,0x00,0x00,0x08,0x00,0x00,0x00,
0x00,0x00,0x00,0x00,0x00,0x00,0x00,0x00,0x00,0x00,0x0F,0xEA,0xAA,0xAA,0xAA,0xAA,
0xAA,0xAA,0xAA,0xAA,0xA3,0xEA,0xAA,0xA8,0xF0,0x00,0x00,0x00,0x00,0x00,0x00,0x03,
0xAA,0xAB,0xE0,0x0E,0xAA,0xAA,0xAB,0xCF,0x22,0x60,0x43,0xCF,0xFF,0xAA,0xAA,0xAF,
0x00,0x00,0x0B,0xFE,0xE0,0x00,0x00,0x00,0x00,0x00,0x00,0x00,0x00,0x00,0x0A,0x00,
0x00,0x00,0x00,0x3F,0x0C,0xFC,0x3C,0x3F,0xC3,0x00,0x30,0xC0,0x3F,0x00,0x0F,0xFF,
0xCF,0xFF,0xC0,0x00,0x00,0x00,0x00,0x00,0x00,0x00,0x00,0x00,0x00,0x00,0x00,0x00,
0x0C,0x00,0x00,0x00,0x00,0x00,0x00,0x00,0x00,0x00,0x00,0x00,0x00,0x00,0x3F,0xAA,
0xAA,0xAA,0xAA,0xAA,0xAA,0xAA,0xAA,0xAA,0xA3,0xEA,0xAA,0xA8,0x70,0x00,0x00,0x00,
0x00,0x00,0x00,0x03,0xEA,0xBF,0x80,0x0E,0xAA,0xAA,0xAB,0xCF,0x12,0x20,0x03,0xCF,
0xFF,0xEA,0xAA,0xAF,0x00,0x00,0x00,0xAF,0xC0,0x00,0x00,0x00,0x00,0x00,0x00,0x00,
0x00,0x00,0x00,0x00,0x00,0x00,0x00,0x30,0xCC,0x30,0xC3,0x30,0xC0,0x00,0x30,0xC0,
0x30,0xC0,0x0C,0x30,0xCC,0x30,0xC0,0x00,0x00,0x00,0x00,0x00,0x00,0x00,0x00,0x00,
0x00,0x00,0x00,0x00,0x08,0x00,0x00,0x00,0x00,0x00,0x00,0x00,0x00,0x00,0x00,0x00,
0x00,0x00,0x3E,0xAA,0xAA,0xAA,0xAA,0xAA,0xAA,0xAA,0xAA,0xAA,0xA3,0xEA,0xAA,0xE8,
0x34,0x00,0x00,0x00,0x00,0x00,0x00,0x03,0xAA,0xBE,0x00,0x0E,0xAA,0xAA,0xAF,0x0B,
0x00,0x20,0x03,0xC7,0xFF,0xFA,0xAA,0xAF,0x00,0x00,0x00,0x02,0x40,0x00,0x00,0x00,
0x00,0x00,0x00,0x00,0x00,0x00,0x00,0x00,0x00,0x00,0x00,0x30,0xCC,0x30,0xC0,0x30,
0xC0,0x00,0x30,0xC0,0x00,0xC0,0x0C,0x30,0xCC,0x30,0xC0,0x00,0x00,0x00,0x00,0x00,
0x00,0x00,0x00,0x00,0x00,0x00,0x00,0x00,0x0C,0x00,0x00,0x00,0x00,0x00,0x00,0x00,
0x00,0x00,0x00,0x00,0x00,0x00,0xFA,0xAA,0xAA,0xAA,0xAA,0xAA,0xAA,0xAA,0xAA,0xAA,
0xA3,0xEA,0xAA,0xE8,0x3C,0x00,0x00,0x00,0x00,0x00,0x00,0x03,0xAA,0xF8,0x00,0x0E,
0xAA,0xAA,0xAF,0x03,0x00,0x10,0x03,0xC3,0xFF,0xFA,0xAA,0xAF,0x00,0x00,0x00,0x00,
0x00,0x00,0x00,0x00,0x00,0x00,0x00,0x00,0x00,0x00,0x00,0x00,0x00,0x00,0x00,0x30,
0xCC,0x30,0xC3,0x30,0xC0,0x00,0x30,0xC0,0x30,0xC0,0x0C,0x30,0xCC,0x30,0xC0,0x00,
0x00,0x00,0x00,0x00,0x00,0x00,0x00,0x00,0x00,0x00,0x00,0x00,0x0C,0x00,0x00,0x00,
0x00,0x00,0x00,0x00,0x00,0x00,0x00,0x00,0x00,0x03,0xFA,0xAA,0xAA,0xAA,0xAA,0xAA,
0xAA,0xAA,0xAA,0xAA,0xA3,0xEA,0xAA,0xE9,0x0F,0x00,0x00,0x00,0x00,0x00,0x00,0x03,
0xAB,0xE0,0x00,0x0E,0xAA,0xAA,0xBC,0x03,0x80,0x20,0x0F,0x03,0xFF,0xFE,0xAA,0xAF,
0x40,0x00,0x00,0x00,0x00,0x00,0x00,0x00,0x00,0x00,0x00,0x00,0x00,0x00,0x00,0x00,
0x00,0x00,0x00,0x3F,0x0C,0x3C,0x3C,0x30,0xC3,0x00,0x3F,0x03,0x0F,0x00,0x0C,0x30,
0xCC,0x30,0xC0,0x00,0x00,0x00,0x00,0x00,0x00,0x00,0x00,0x00,0x00,0x00,0x00,0x00,
0x0C,0x00,0x00,0x00,0x00,0x00,0x00,0x00,0x00,0x00,0x00,0x00,0x00,0x0F,0xEA,0xAA,
0xAA,0xEA,0xAA,0xAA,0xAA,0xAA,0xAA,0xAA,0xA4,0xEA,0xAA,0xEA,0x0F,0x00,0x00,0x00,
0x00,0x00,0x00,0x03,0xAF,0x80,0x00,0x0E,0xAA,0xAA,0xF8,0x03,0xC0,0x00,0x0F,0x03,
0xFF,0xFF,0xAA,0xAF,0x00,0x00,0x00,0x00,0x00,0x00,0x00,0x00,0x00,0x00,0x00,0x00,
0x00,0x00,0x00,0x00,0x00,0x00,0x00,0x30,0x00,0x00,0x00,0x00,0x00,0x00,0x00,0x00,
0x00,0x00,0x00,0x00,0x00,0x00,0x00,0x00,0x00,0x00,0x00,0x00,0x00,0x00,0x00,0x00,
0x00,0x00,0x00,0x00,0x1C,0x00,0x00,0x00,0x00,0x00,0x00,0x00,0x00,0x00,0x00,0x00,
0x00,0x0F,0xAA,0xAA,0xAA,0xEA,0xAA,0xAA,0xAA,0xAA,0xAA,0xAA,0xA8,0xEA,0xAB,0xEA,
0x03,0xC0,0x00,0x00,0x00,0x00,0x00,0x03,0xEE,0x00,0x00,0x0E,0xAA,0xAA,0xF0,0x00,
0xC0,0x00,0x0C,0x03,0xFF,0xFF,0xEA,0xAF,0x80,0x00,0x00,0x00,0x00,0x00,0x00,0x00,
0x00,0x00,0x00,0x00,0x00,0x00,0x00,0x00,0x00,0x00,0x00,0x30,0x00,0x00,0x00,0x00,
0x00,0x00,0x00,0x00,0x00,0x00,0x00,0x00,0x00,0x00,0x00,0x00,0x00,0x00,0x00,0x00,
0x00,0x00,0x00,0x00,0x00,0x00,0x00,0x00,0x0C,0x00,0x00,0x00,0x00,0x00,0x00,0x00,
0x00,0x00,0x00,0x00,0x00,0x3E,0xAA,0xAA,0xAB,0xEA,0xAA,0xAA,0xAA,0xAA,0xAA,0xAA,
0xA8,0xEA,0xAB,0xEA,0x03,0xC0,0x00,0x00,0x00,0x00,0x00,0x00,0xFC,0x00,0x00,0x0E,
0xAA,0xAB,0xD0,0x00,0xD0,0x00,0x3C,0x03,0xFF,0xFC,0xFA,0xAF,0x00,0x00,0x00,0x00,
0x00,0x00,0x00,0x00,0x00,0x00,0x00,0x00,0x00,0x00,0x0A,0x00,0x00,0x00,0x00,0x00,
0x00,0x00,0x00,0x00,0x00,0x00,0x00,0x00,0x00,0x00,0x00,0x00,0x00,0x00,0x00,0x00,
0x00,0x00,0x00,0x00,0x00,0x00,0x00,0x00,0x00,0x00,0x00,0x00,0x28,0x00,0x00,0x00,
0x00,0x00,0x00,0x00,0x00,0x00,0x00,0x00,0x00,0xFE,0xAA,0xAA,0xAB,0xEA,0xAA,0xAA,
0xAA,0xAA,0xAA,0xAA,0xA8,0xFA,0xAB,0xEA,0x80,0xC0,0x00,0x00,0x00,0x00,0x00,0x00,
0xA8,0x00,0x00,0x0F,0xAA,0xAF,0x80,0x00,0xF0,0x00,0x3C,0x00,0xFF,0xFC,0x3F,0xAF,
0x00,0x00,0x00,0x00,0x00,0x00,0x00,0x00,0x00,0x00,0x00,0x00,0x00,0x00,0x0E,0x00,
0x00,0x00,0x00,0x00,0x00,0x00,0x00,0x00,0x00,0x00,0x00,0x00,0x00,0x00,0x00,0x00,
0x00,0x00,0x00,0x00,0x00,0x00,0x00,0x00,0x00,0x00,0x00,0x00,0x00,0x00,0x00,0x00,
0x18,0x00,0x00,0x00,0x00,0x00,0x00,0x00,0x00,0x00,0x00,0x00,0x01,0xFA,0xAA,0xAA,
0xAB,0xAA,0xAA,0xAA,0xAA,0xAA,0xAA,0xAA,0xA8,0xFA,0xAB,0xEA,0x80,0xC0,0x00,0x00,
0x00,0x00,0x00,0x00,0x00,0x00,0x00,0x0F,0xAA,0xAF,0x00,0x00,0x30,0x00,0x3C,0x00,
0xFF,0xFF,0x03,0xEF,0x00,0x00,0x00,0x00,0x00,0x00,0x00,0x00,0x00,0x00,0x00,0x00,
0x00,0x00,0x0A,0x00,0x00,0x00,0x00,0x00,0x00,0x00,0x00,0x00,0x00,0x00,0x00,0x00,
0x00,0x00,0x00,0x00,0x00,0x00,0x00,0x00,0x00,0x00,0x00,0x00,0x00,0x00,0x00,0x00,
0x00,0x00,0x00,0x00,0x2C,0x00,0x00,0x00,0x00,0x00,0x00,0x00,0x00,0x00,0x00,0x00,
0x03,0xEA,0xAA,0xAA,0xAF,0xAA,0xAA,0xAA,0xAA,0xAA,0xAA,0xAA,0xA9,0x3A,0xAB,0xEA,
0x93,0xC0,0x00,0x00,0x00,0x00,0x00,0x00,0x00,0x00,0x00,0x03,0xAA,0xBE,0x00,0x00,
0x3C,0x00,0x30,0x00,0xFF,0xFF,0x00,0xFF,0x00,0x00,0x00,0x00,0x00,0x00,0x00,0x00,
0x00,0x00,0x00,0x00,0x00,0x00,0x00,0x00,0x00,0x00,0x00,0x00,0x00,0x00,0x00,0x00,
0x00,0x00,0x00,0x00,0x00,0x00,0x00,0x00,0x00,0x00,0x00,0x00,0x00,0x00,0x00,0x00,
0x00,0x00,0x00,0x00,0x00,0x00,0x00,0x00,0x28,0x00,0x00,0x00,0x00,0x00,0x00,0x00,
0x00,0x00,0x00,0x00,0x0F,0xEA,0xAA,0xAA,0xAF,0xAA,0xAA,0xAA,0xAA,0xAA,0xAA,0xAA,
0xA9,0x3A,0xAB,0xEA,0x83,0xC0,0x00,0x00,0x00,0x00,0x00,0x00,0x00,0x00,0x00,0x03,
0xAA,0xB8,0x00,0x00,0x0C,0x00,0xF0,0x00,0xFF,0xFF,0x00,0x3C,0x00,0x00,0x00,0x00,
0x00,0x00,0x00,0x00,0x00,0x00,0x00,0x00,0x00,0x00,0x00,0x00,0x00,0x00,0x00,0x00,
0x00,0x00,0x00,0x00,0x00,0x00,0x00,0x00,0x00,0x00,0x00,0x00,0x00,0x00,0x00,0x00,
0x00,0x00,0x00,0x00,0x00,0x00,0x00,0x00,0x00,0x00,0x00,0x00,0x2C,0x00,0x00,0x00,
0x00,0x00,0x00,0x00,0x00,0x00,0x00,0x00,0x2F,0xAA,0xAA,0xAA,0xAF,0xAA,0xAA,0xAB,
0xAA,0xAA,0xAA,0xAA,0xA8,0x3A,0xAB,0xEA,0x8F,0x00,0x00,0x00,0x00,0x00,0x00,0x00,
0x00,0x00,0x00,0x03,0xAA,0xF8,0x00,0x00,0x0F,0x00,0xF0,0x00,0xFF,0xFF,0x00,0x00,
0x00,0x00,0x00,0x00,0x00,0x00,0x00,0x00,0x00,0x00,0x00,0x00,0x00,0x00,0x00,0x00,
0x00,0x00,0x00,0x00,0x00,0x00,0x00,0x00,0x00,0x00,0x00,0x00,0x00,0x00,0x00,0x00,
0x00,0x00,0x00,0x00,0x00,0x00,0x00,0x00,0x00,0x00,0x00,0x00,0x00,0x00,0x00,0x00,
0x28,0x00,0x00,0x00,0x00,0x00,0x00,0x00,0x00,0x00,0x00,0x00,0x3F,0xAA,0xAA,0xAA,
0xAB,0xEA,0xAA,0xAB,0xEA,0xAA,0xAA,0xAA,0xA8,0x3A,0xAF,0xEA,0x3C,0x00,0x00,0x00,
0x00,0x00,0x00,0x00,0x00,0x00,0x00,0x03,0xEA,0xF0,0x00,0x00,0x03,0xC0,0xF0,0x00,
0xFF,0xFF,0x00,0x00,0x00,0x00,0x00,0x00,0x00,0x00,0x00,0x00,0x00,0x00,0x00,0x00,
0x00,0x00,0x00,0x00,0x00,0x00,0x00,0x00,0x00,0x00,0x00,0x00,0x00,0x00,0x00,0x00,
0x00,0x00,0x00,0x00,0x00,0x00,0x00,0x00,0x00,0x00,0x00,0x00,0x00,0x00,0x00,0x00,
0x00,0x00,0x00,0x00,0x24,0x00,0x00,0x00,0x00,0x00,0x00,0x00,0x00,0x00,0x00,0x00,
0xFE,0xAA,0xAA,0xAA,0xAB,0xFA,0xAA,0xAB,0xEA,0xAA,0xAB,0xAA,0xA0,0x7A,0xAF,0xEA,
0xF0,0x00,0x00,0x00,0x00,0x00,0x00,0x00,0x00,0x00,0x00,0x00,0xEA,0xE0,0x00,0x00,
0x03,0xC0,0xC0,0x00,0x3F,0xFF,0x00,0x00,0x00,0x00,0x00,0x00,0x00,0x00,0x00,0x00,
0x00,0x00,0x00,0x00,0x00,0x00,0x00,0x00,0x00,0x00,0x00,0x00,0x00,0x00,0x00,0x00,
0x00,0x00,0x00,0x00,0x00,0x00,0x00,0x00,0x00,0x00,0x00,0x00,0x00,0x00,0x00,0x00,
0x00,0x00,0x00,0x00,0x00,0x00,0x00,0x00,0x38,0x00,0x00,0x00,0x00,0x00,0x00,0x00,
0x00,0x00,0x00,0x00,0xFA,0xAA,0xAA,0xAA,0xAB,0xFA,0xAB,0xAA,0xFA,0xAA,0xAF,0xAA,
0x80,0xFA,0xAF,0xAB,0xC0,0x00,0x00,0x00,0x00,0x00,0x00,0x00,0x00,0x00,0x00,0x00,
0xEB,0xC0,0x00,0x00,0x00,0xF3,0xC0,0x00,0x3F,0xFF,0x80,0x00,0x00,0x00,0x00,0x00,
0x00,0x00,0x00,0x00,0x00,0x00,0x00,0x00,0x00,0x00,0x00,0x00,0x00,0x00,0x00,0x00,
0x00,0x00,0x00,0x00,0x00,0x00,0x00,0x00,0x00,0x00,0x00,0x00,0x00,0x00,0x00,0x00,
0x00,0x00,0x00,0x00,0x00,0x00,0x00,0x00,0x00,0x00,0x00,0x00,0x20,0x00,0x00,0x00,
0x00,0x00,0x00,0x00,0x00,0x00,0x00,0x03,0xFA,0xAA,0xAA,0xAA,0xAA,0xFF,0xAA,0xFA,
0xBA,0xAA,0xBF,0xAA,0x03,0xEA,0xAF,0xAA,0xC0,0x00,0x00,0x00,0x00,0x00,0x00,0x00,
0x00,0x00,0x00,0x00,0x3B,0xC0,0x00,0x00,0x00,0x3C,0xC0,0x00,0x3F,0xFF,0xC0,0x00,
0x00,0x00,0x00,0x00,0x00,0x00,0x00,0x00,0x00,0x00,0x00,0x00,0x00,0x00,0x0A,0x00,
0x00,0x00,0x00,0x00,0x00,0x00,0x00,0x00,0x00,0x00,0x00,0x00,0x00,0x00,0x00,0x00,
0x00,0x00,0x00,0x00,0x00,0x00,0x00,0x00,0x00,0x00,0x00,0x00,0x00,0x00,0x00,0x00,
0x38,0x00,0x00,0x00,0x00,0x00,0x00,0x00,0x00,0x00,0x00,0x03,0xEA,0xAA,0xAA,0xAA,
0xAA,0xBF,0xEA,0xBE,0xBE,0xAA,0xFA,0xA4,0x2F,0xAA,0xAF,0xAA,0xF0,0x00,0x00,0x00,
0x00,0x00,0x00,0x00,0x00,0x00,0x00,0x00,0x3B,0x00,0x00,0x00,0x00,0x1F,0xC0,0x00,
0xFF,0xFF,0xC0,0x00,0x00,0x00,0x00,0x00,0x00,0x00,0x00,0x00,0x00,0x00,0x00,0x00,
0x00,0x00,0x0A,0x00,0x00,0x00,0x00,0x00,0x00,0x00,0x00,0x00,0x00,0x00,0x00,0x00,
0x00,0x00,0x00,0x00,0x00,0x00,0x00,0x00,0x00,0x00,0x00,0x00,0x00,0x00,0x00,0x00,
0x00,0x00,0x00,0x00,0x20,0x00,0x00,0x00,0x00,0x00,0x00,0x00,0x00,0x00,0x00,0x0F,
0xEA,0xAA,0xAA,0xAA,0xAA,0xAF,0xFE,0xAA,0xAA,0xAB,0xEA,0x80,0xFF,0xAA,0xAF,0xFF,
0xC0,0x00,0x00,0x00,0x00,0x00,0x00,0x00,0x00,0x00,0x00,0x00,0x00,0x00,0x00,0x00,
0x00,0x03,0xC0,0x00,0x3F,0xFF,0xC0,0x00,0x00,0x00,0x00,0x00,0x00,0x00,0x00,0x00,
0x00,0x00,0x00,0x00,0x00,0x00,0x0A,0x00,0x00,0x00,0x00,0x00,0x00,0x00,0x00,0x00,
0x00,0x00,0x00,0x00,0x00,0x00,0x00,0x00,0x00,0x00,0x00,0x00,0x00,0x00,0x00,0x00,
0x00,0x00,0x00,0x00,0x00,0x00,0x00,0x00,0x30,0x00,0x00,0x00,0x00,0x00,0x00,0x00,
0x00,0x00,0x00,0x0F,0xAA,0xAA,0xAA,0xAA,0xAA,0xAA,0xFA,0xAA,0xAA,0xAA,0xAA,0x0F,
0xFA,0xAA,0xBF,0xF0,0xC0,0x00,0x00,0x00,0x00,0x00,0x00,0x00,0x00,0x00,0x00,0x00,
0x00,0x00,0x00,0x00,0x00,0x00,0x00,0x00,0x3F,0xFF,0xC0,0x00,0x00,0x00,0x00,0x00,
0x00,0x00,0x00,0x00,0x00,0x00,0x00,0x00,0x00,0x00,0x0A,0x00,0x00,0x00,0x00,0x00,
0x00,0x00,0x00,0x00,0x00,0x00,0x00,0x00,0x00,0x00,0x00,0x00,0x00,0x00,0x00,0x00,
0x00,0x00,0x00,0x00,0x00,0x00,0x00,0x00,0x00,0x00,0x00,0x00,0x20,0x00,0x00,0x00,
0x00,0x00,0x00,0x00,0x00,0x00,0x00,0x0C,0xAA,0xAA,0xAA,0xAA,0xAA,0xAA,0xFA,0xAA,
0xAA,0xAA,0xAA,0xFF,0xAA,0xAA,0xBC,0x00,0xF0,0x00,0x00,0x00,0x00,0x00,0x00,0x00,
0x00,0x00,0x00,0x00,0x00,0x00,0x00,0x00,0x00,0x00,0x00,0x00,0x3F,0xFF,0xC0,0x00,
0x00,0x00,0x00,0x00,0x3F,0xFF,0x00,0x00,0x00,0x00,0x00,0x00,0x00,0x00,0x0A,0x00,
0x00,0x00,0x00,0x00,0x00,0x00,0x00,0x00,0x00,0x00,0x00,0x00,0x00,0x00,0x00,0x00,
0x00,0x00,0x00,0x00,0x00,0x00,0x00,0x00,0x00,0x00,0x00,0x00,0x00,0x00,0x00,0x00,
0x30,0x00,0x00,0x00,0x00,0x00,0x00,0x00,0x00,0x00,0x00,0x3E,0xAA,0xAA,0xAA,0xAA,
0xAA,0xAB,0xEA,0xAF,0xEA,0xAF,0xAA,0xBA,0xAA,0xAA,0xB4,0x00,0xFF,0xFC,0x00,0x00,
0x00,0x00,0x00,0x00,0x00,0x00,0x00,0x00,0x00,0x00,0x00,0x00,0x00,0x00,0x00,0x03,
0xFF,0xFF,0xC0,0x00,0x00,0x00,0x00,0x0F,0xFF,0xFF,0xFC,0x00,0x00,0x00,0x00,0x00,
0x00,0x00,0x0A,0x00,0x00,0x03,0x00,0x00,0x00,0x00,0x00,0x00,0x00,0x00,0x00,0x00,
0x00,0x00,0x00,0x00,0x00,0x00,0x00,0x00,0x00,0x00,0x00,0x00,0x00,0x00,0x00,0x00,
0x00,0x00,0x00,0x00,0x20,0x00,0x00,0x00,0x00,0x00,0x00,0x00,0x00,0x00,0x00,0xFE,
0xBA,0xAA,0xAA,0xAA,0xAA,0xAA,0xFF,0xFF,0xFA,0xBF,0xEA,0xBE,0xAA,0xAA,0xFF,0xFF,
0x70,0x3F,0xF0,0x00,0x00,0x00,0x00,0x00,0x00,0x00,0x00,0x00,0x00,0x00,0x00,0x00,
0x00,0x00,0x00,0x00,0x3F,0xFF,0xC0,0x00,0x00,0x00,0x00,0xFF,0xFF,0xFF,0xFF,0xC0,
0x00,0x00,0x00,0x00,0x00,0x00,0x0E,0x00,0x00,0x03,0x00,0x03,0xF0,0x0F,0xC0,0xC0,
0x0F,0xC0,0x3F,0xC0,0x00,0x00,0x00,0x00,0x00,0x00,0x00,0x00,0x00,0x00,0x00,0x00,
0x00,0x00,0x00,0x00,0x00,0x00,0x00,0x00,0x30,0x00,0x00,0x00,0x00,0x00,0x00,0x00,
0x00,0x00,0x03,0xFA,0xAE,0xAA,0xAA,0xAA,0xAA,0xAA,0xBC,0x30,0x3F,0xF0,0xFF,0xFE,
0xAA,0xFF,0xFC,0x00,0xFF,0x00,0x3C,0x00,0x00,0x00,0x00,0x00,0x00,0x00,0x00,0x00,
0x00,0x00,0x00,0x00,0x00,0x00,0x00,0x00,0x3F,0xFF,0xC0,0x00,0x00,0x00,0x0F,0xFF,
0xFF,0xFF,0xFF,0xF0,0x00,0x00,0x00,0x00,0x00,0x00,0x0A,0x00,0x00,0x0F,0xC0,0x0C,
0x0C,0x30,0x30,0xC0,0x30,0x30,0x30,0x30,0x00,0x00,0x00,0x00,0x00,0x00,0x00,0x00,
0x00,0x00,0x00,0x00,0x00,0x00,0x00,0x00,0x00,0x00,0x00,0x00,0x30,0x00,0x00,0x00,
0x00,0x00,0x00,0x00,0x00,0x00,0x03,0xEA,0xAB,0xFA,0xAA,0xAA,0xAA,0xAA,0xBC,0x00,
0x03,0x40,0x0F,0xEA,0xFF,0xFF,0x00,0x00,0x03,0xFC,0x0F,0x00,0x00,0x00,0x00,0x00,
0x00,0x00,0x00,0x00,0x00,0x00,0x00,0x00,0x00,0x00,0x00,0x00,0xFF,0xFF,0xC0,0x00,
0x00,0x00,0x3F,0xFF,0xFF,0xFF,0xFF,0xFF,0x00,0x00,0x00,0x00,0x00,0x00,0x00,0x00,
0x00,0x3F,0xF0,0x0C,0x00,0x30,0x30,0xC0,0x30,0x30,0x30,0x30,0x03,0x00,0x00,0x00,
0x00,0x00,0x00,0x00,0x00,0x00,0x00,0x00,0x00,0x00,0x00,0x00,0x00,0x00,0x00,0x00,
0x30,0x00,0x00,0x00,0x00,0x00,0x00,0x00,0x00,0x00,0x0F,0xAA,0xFA,0xBF,0xAA,0xAA,
0xAA,0xAA,0xBC,0x00,0x00,0x00,0x0F,0xBF,0xFC,0x00,0x00,0x00,0x00,0x07,0xC3,0xC0,
0x00,0x00,0x00,0x00,0x00,0x00,0x00,0x00,0x00,0x00,0x00,0x00,0x00,0x00,0x00,0x00,
0x3F,0xFF,0xC0,0x00,0x00,0x00,0xFF,0xFF,0xFF,0xFF,0xFF,0xFF,0xC0,0x00,0x00,0x00,
0x00,0x00,0x00,0x00,0x00,0xFF,0xFC,0x0C,0x00,0x30,0x30,0xC0,0x30,0x30,0x3F,0xC0,
0x00,0x00,0x00,0x00,0x00,0x00,0x00,0x00,0x00,0x00,0x00,0x00,0x00,0x00,0x00,0x00,
0x00,0x00,0x00,0x00,0x30,0x00,0x00,0x00,0x00,0x00,0x00,0x00,0x00,0x00,0x3F,0xAB,
0xEA,0xAB,0xFA,0xAA,0xAA,0xAA,0xBC,0x00,0x00,0x00,0x0F,0xFC,0x00,0x00,0x00,0x00,
0x00,0x00,0x70,0xC0,0x00,0x00,0x00,0x00,0x00,0x00,0x00,0x00,0x00,0x00,0x00,0x00,
0x00,0x00,0x00,0x00,0x0F,0xFF,0xC0,0x00,0x00,0x03,0xFF,0xFF,0xFF,0xFF,0xFF,0xFF,
0xF0,0x00,0x00,0x00,0x00,0x00,0x00,0x00,0x00,0x3F,0xF0,0x0C,0x00,0x30,0x30,0xC0,
0x30,0x30,0x30,0xC0,0x00,0x00,0x00,0x00,0x00,0x00,0x00,0x00,0x00,0x00,0x00,0x00,
0x00,0x00,0x00,0x00,0x00,0x00,0x00,0x00,0x30,0x00,0x00,0x00,0x00,0x00,0x00,0x00,
0x00,0x00,0xFE,0xAB,0xAA,0xEA,0xAA,0xAA,0xAA,0xAA,0xBC,0x00,0x00,0x00,0x3C,0x00,
0x00,0x00,0x00,0x00,0x00,0x00,0x0C,0xF0,0x00,0x00,0x00,0x00,0x00,0x00,0x00,0x00,
0x00,0x00,0x00,0x00,0x00,0x00,0x00,0x00,0x3F,0xFF,0xFC,0x00,0x00,0x03,0xFF,0xFF,
0xFF,0xFF,0xFF,0xFF,0xFC,0x00,0x00,0x00,0x00,0x00,0x00,0x00,0x00,0x0F,0xC0,0x0C,
0x0C,0x30,0x30,0xC0,0x30,0x30,0x30,0x30,0x00,0x00,0x00,0x00,0x00,0x00,0x00,0x00,
0x00,0x00,0x00,0x00,0x00,0x00,0x00,0x00,0x00,0x00,0x00,0x00,0x30,0x00,0x00,0x00,
0x00,0x00,0x00,0x00,0x00,0x00,0xFA,0xAF,0xAB,0xEA,0xAA,0xAA,0xAA,0xAA,0xBC,0x00,
0x00,0x00,0x30,0x00,0x00,0x00,0x00,0x00,0x00,0x00,0x0F,0x7C,0x00,0x00,0x00,0x00,
0x00,0x00,0x00,0x00,0x00,0x00,0x00,0x00,0x00,0x00,0x00,0x00,0x1F,0xFF,0xF0,0x00,
0x00,0xFF,0xFF,0xFF,0xFF,0xFF,0xFF,0xFF,0xFF,0x00,0x00,0x00,0x00,0x00,0x00,0x00,
0x00,0x03,0x00,0x03,0xF0,0x0F,0xC0,0xFF,0x0F,0xC0,0x30,0x30,0x03,0x00,0x00,0x00,
0x00,0x00,0x00,0x00,0x00,0x00,0x00,0x00,0x00,0x00,0x00,0x00,0x00,0x00,0x00,0x00,
0x20,0x00,0x00,0x00,0x00,0x00,0x00,0x00,0x00,0x03,0xFA,0xBE,0xAF,0xAA,0xFA,0xBF,
0xAA,0xAA,0xBC,0x00,0x00,0x00,0x00,0x00,0x00,0x00,0x00,0x00,0x00,0x00,0x03,0xCC,
0x00,0x00,0x00,0x00,0x00,0x00,0x00,0x00,0x00,0x00,0x00,0x00,0x00,0x00,0x00,0x03,
0xFF,0xFF,0xC0,0x00,0x0F,0xFF,0xFF,0x0F,0xFF,0xFF,0xFF,0xFF,0xFF,0x00,0x00,0x00,
0x00,0x00,0x00,0x00,0x00,0x00,0x00,0x00,0x00,0x00,0x00,0x00,0x00,0x00,0x00,0x00,
0x00,0x00,0x00,0x00,0x00,0x00,0x00,0x00,0x00,0x00,0x00,0x00,0x00,0x00,0x00,0x00,
0x00,0x00,0x00,0x00,0x30,0x00,0x00,0x00,0x00,0x00,0x00,0x00,0x00,0x03,0xEA,0xBA,
0xAE,0xAB,0xEA,0xEB,0xFA,0xAA,0xBC,0x00,0x00,0x00,0x00,0x00,0x00,0x00,0x00,0x00,
0x00,0x00,0x0F,0xFF,0x00,0x00,0x00,0x00,0x00,0x00,0x00,0x00,0x00,0x00,0x00,0x00,
0x00,0x00,0x00,0x00,0x0F,0xFF,0xC0,0x00,0x3F,0xFF,0xFF,0xFC,0xFF,0xFF,0xFF,0xFF,
0xFF,0xC0,0x00,0x00,0x00,0x00,0x00,0x00,0x00,0x00,0x00,0x00,0x00,0x00,0x00,0x00,
0x00,0x00,0x00,0x00,0x00,0x00,0x00,0x00,0x00,0x00,0x00,0x00,0x00,0x00,0x00,0x00,
0x00,0x00,0x00,0x00,0x00,0x00,0x00,0x00,0x20,0x00,0x00,0x00,0x00,0x00,0x00,0x00,
0x00,0x0F,0xEA,0xFA,0xBE,0xAB,0xAB,0xEA,0xFF,0xEA,0xBC,0x00,0x00,0x00,0x00,0x00,
0x00,0x00,0x00,0x00,0x00,0x00,0x03,0x0F,0x00,0x00,0x00,0x00,0x00,0x00,0x00,0x00,
0x0F,0xFF,0xFD,0x00,0x00,0x00,0x00,0x00,0x0F,0xFF,0xC0,0x00,0xFF,0xFF,0xFF,0xFF,
0xCF,0xFF,0xFF,0xFF,0xFF,0xF0,0x00,0x00,0x00,0x00,0x06,0x00,0x00,0x00,0x00,0x00,
0x00,0x00,0x00,0x00,0x00,0x00,0x00,0x00,0x00,0x00,0x00,0x00,0x00,0x00,0x00,0x00,
0x00,0x00,0x00,0x00,0x00,0x00,0x00,0x00,0x00,0x00,0x00,0x00,0x30,0x00,0x00,0x00,
0x00,0x00,0x00,0x00,0x00,0x0F,0xAA,0xEA,0xBA,0xAF,0xAB,0xAA,0xAB,0xFE,0xBC,0x00,
0x00,0x00,0x00,0x00,0x00,0x00,0x00,0xF0,0x00,0x00,0xC0,0xC3,0x00,0x00,0x00,0x00,
0x00,0x00,0x00,0x00,0xFF,0xFF,0xFF,0xC0,0x00,0x00,0x00,0x00,0x3F,0xFF,0xC0,0x03,
0xFF,0xFF,0xFF,0xFF,0xFC,0xFF,0x40,0x00,0x37,0xF0,0x00,0x00,0x00,0x00,0x0A,0x00,
0x00,0x00,0x00,0x00,0x00,0x00,0x00,0x00,0x00,0x00,0x00,0x00,0x00,0x00,0x00,0x00,
0x00,0x00,0x00,0x00,0x00,0x00,0x00,0x00,0x00,0x00,0x00,0x00,0x00,0x00,0x00,0x00,
0x20,0x00,0x00,0x00,0x00,0x00,0x00,0x00,0x00,0x3E,0xAB,0xAA,0xEA,0xAF,0xAF,0xAB,
0xEA,0xBE,0xBC,0x00,0x00,0x00,0x00,0x00,0x00,0x00,0x0F,0xFF,0xF0,0x00,0x30,0xDF,
0x00,0x00,0x00,0x00,0x00,0x00,0x00,0x0F,0xFF,0xFF,0xFF,0xFC,0x00,0x00,0x00,0x00,
0x0F,0xFF,0xC0,0x0F,0xFF,0xFF,0xFF,0xFF,0xFF,0x0F,0xFF,0xFF,0xFF,0xFC,0x00,0x00,
0x00,0x00,0x06,0x00,0x00,0x00,0x00,0x00,0x00,0x00,0x00,0x00,0x00,0x00,0x00,0x00,
0x00,0x00,0x00,0x00,0x00,0x00,0x00,0x00,0x00,0x00,0x00,0x00,0x00,0x00,0x00,0x00,
0x00,0x00,0x00,0x00,0x30,0x00,0x00,0x00,0x00,0x00,0x00,0x00,0x00,0x3E,0xAB,0xAA,
0xEA,0xBE,0xAE,0xAB,0xEB,0xAA,0xBC,0x00,0x00,0x00,0x00,0x00,0x00,0x00,0xFF,0x0F,
0xFF,0xC0,0x3C,0xFF,0x00,0x00,0x00,0x00,0x00,0x00,0x00,0xFF,0xFF,0xFF,0xFF,0xFF,
0x00,0x00,0x00,0x00,0x0F,0xFF,0xC0,0x3F,0xFF,0xFF,0xFF,0xCF,0xFF,0xF3,0xFF,0xFF,
0xFF,0xFC,0x00,0x00,0x00,0x00,0x02,0x00,0x00,0x00,0x00,0x0F,0xF3,0x00,0x00,0x00,
0xC0,0x00,0x00,0xC0,0xC0,0xF0,0x0C,0xC0,0x00,0x00,0x00,0xFF,0x00,0x00,0x03,0x00,
0x00,0xC0,0xC0,0x00,0xCC,0x00,0x00,0x00,0x34,0x00,0x00,0x00,0x00,0x00,0x00,0x00,
0x00,0xFA,0xAE,0xAA,0xAA,0xBE,0xAE,0xAB,0xAB,0xAA,0xBC,0x00,0x00,0x00,0x00,0x00,
0x00,0x0F,0xF0,0x00,0x03,0xFC,0x0C,0xFC,0x00,0x00,0x00,0x00,0x00,0x00,0x03,0xFF,
0xFF,0xFF,0xFF,0xFF,0xF0,0x00,0x00,0x00,0xFF,0xFF,0xC0,0xFF,0xCF,0xFF,0xFF,0xFF,
0xFF,0xFF,0x3F,0xFF,0xFF,0xFF,0x00,0x00,0x00,0x00,0x0A,0x00,0x00,0x00,0x00,0x0C,
0x33,0x00,0x00,0x00,0xC0,0x00,0x00,0xC3,0x30,0xF0,0x00,0xC0,0x00,0x00,0x00,0xC0,
0xC0,0x00,0x03,0x00,0x00,0x33,0x00,0x00,0xCC,0x00,0x00,0x00,0x20,0x00,0x00,0x00,
0x00,0x00,0x00,0x00,0x03,0xFA,0xAE,0xAA,0xAA,0xBA,0xAA,0xAB,0xAB,0xEA,0xBC,0x00,
0x00,0x00,0x00,0x00,0x00,0xFF,0x00,0x00,0x00,0x3F,0x0C,0xFC,0x00,0x00,0x00,0x00,
0x00,0x00,0x0F,0xFF,0xFF,0xFF,0xFF,0xFF,0xF0,0x00,0x00,0x00,0x3F,0xFF,0xC0,0xFF,
0x0F,0xFF,0xFF,0xFF,0xFF,0xFF,0xCF,0xFF,0xFF,0xFF,0x00,0x00,0x00,0x00,0x0A,0x00,
0x00,0x00,0x00,0x0C,0x33,0x03,0xF0,0xF0,0xC3,0x00,0x00,0x33,0x33,0x3F,0xCF,0xF0,
0x3C,0x00,0x00,0xC0,0xC0,0xF0,0x3F,0x00,0x00,0x33,0x00,0xF0,0xCC,0x3C,0x0C,0xCC,
0x30,0x00,0x00,0x00,0x00,0x00,0x00,0x00,0x03,0xEA,0xAA,0xAA,0xAA,0xFA,0xAA,0xAB,
0xAB,0xEA,0xBC,0x00,0x00,0x00,0x00,0x00,0x3F,0xF0,0x00,0x00,0x00,0x03,0xCF,0xFF,
0x00,0x00,0x00,0x00,0x00,0x00,0x3F,0xFF,0xFF,0xFF,0xFF,0xFF,0xFC,0x00,0x00,0x00,
0x3F,0xFF,0xC3,0xFC,0x0F,0xFF,0xFF,0xF3,0xFF,0xFF,0xF4,0xFF,0xFF,0xFF,0xC0,0x00,
0x00,0x00,0x0A,0x00,0x00,0x00,0x00,0x0F,0xF3,0x00,0x33,0x0C,0xCC,0x00,0x00,0x33,
0x33,0x30,0xCC,0xC0,0xC3,0x00,0x00,0xFF,0x03,0x0C,0xC3,0x00,0x00,0x0C,0x03,0x0C,
0xCC,0xC3,0x0C,0xCC,0x30,0x00,0x00,0x00,0x00,0x00,0x00,0x00,0x03,0xEA,0xAA,0xAA,
0xAA,0xFA,0xAA,0xAF,0xAA,0xEA,0xBC,0x00,0x00,0x00,0x00,0x03,0xFF,0xC0,0x00,0x00,
0x00,0x03,0xCF,0xCB,0x00,0x00,0x00,0x00,0x00,0x00,0xFF,0xFF,0xFF,0xFF,0xFF,0xFF,
0xFF,0x00,0x00,0x00,0x1F,0xFF,0xCF,0xFC,0x03,0xFF,0xFF,0xF3,0xFF,0xFF,0xFF,0x3F,
0xFF,0xFF,0xC0,0x00,0x00,0x00,0x00,0x00,0x00,0x00,0x00,0x0C,0x33,0x03,0xF3,0x00,
0xFC,0x00,0x00,0x33,0x33,0x30,0xCC,0xC0,0xFF,0x00,0x00,0xC3,0x03,0xFC,0xC3,0x00,
0x00,0x0C,0x03,0xFC,0xCC,0xC3,0x0C,0xCC,0x20,0x00,0x00,0x00,0x00,0x00,0x00,0x00,
0x0F,0xAA,0xAA,0xAA,0xAA,0xEA,0xAA,0xAF,0xAA,0xEA,0xAF,0x00,0x00,0x00,0x00,0x3F,
0xEF,0x00,0x00,0x00,0x00,0x00,0xFF,0x03,0xC0,0x00,0x00,0x00,0x00,0x03,0xFF,0xFF,
0xFF,0xFF,0xFF,0xFF,0xFF,0x00,0x00,0x00,0x3F,0xFF,0xCF,0xF0,0x03,0xFF,0xFF,0xFF,
0xFF,0xFF,0xFF,0xCF,0xFF,0xFF,0xF0,0x00,0x00,0x00,0x00,0x00,0x00,0x00,0x00,0x0C,
0x33,0x0C,0x33,0x0C,0xCC,0x00,0x00,0x33,0x33,0x30,0xCC,0xC0,0xC0,0x00,0x00,0xC0,
0xC3,0x00,0xC3,0x00,0x00,0x0C,0x03,0x00,0xCC,0xC3,0x0C,0xCC,0x30,0x00,0x00,0x00,
0x00,0x00,0x00,0x00,0x0F,0xAA,0xAA,0xAA,0xAB,0xEA,0xAA,0xAF,0xAA,0xEA,0xAF,0x00,
0x00,0x00,0x03,0xFE,0xBC,0x00,0x00,0x00,0x00,0x00,0x7C,0x00,0xF0,0x00,0x00,0x00,
0x00,0x0F,0xFF,0xFF,0xFF,0xFF,0xFF,0xFF,0xFF,0xC0,0x00,0x00,0x3F,0xFF,0xFF,0xD0,
0x03,0xFF,0xFF,0xFF,0xFF,0xFF,0x3F,0xFC,0xFF,0xFF,0xF0,0x00,0x00,0x00,0x00,0x00,
0x00,0x00,0x00,0x0F,0xC3,0x0F,0xF0,0xF0,0xC3,0x0C,0x00,0x0C,0x0C,0x30,0xCC,0xF0,
0x3F,0x0C,0x00,0xC0,0xC0,0xFC,0x3F,0x0C,0x00,0x0C,0x00,0xFC,0xCC,0x3C,0x03,0x30,
0x20,0x00,0x00,0x00,0x00,0x00,0x00,0x00,0x3E,0xAA,0xAA,0xAA,0xAB,0xEA,0xAA,0xAE,
0xAA,0xAA,0xAB,0xC0,0x00,0x00,0xFF,0xEA,0xF0,0x00,0x00,0x00,0x00,0x00,0x3C,0x00,
0xF0,0x00,0x00,0x00,0x00,0x3F,0xFF,0xFF,0xFF,0xFF,0xFF,0xFF,0xFF,0xC0,0x00,0x00,
0x3F,0xFF,0xFF,0xC0,0x03,0xFF,0xFF,0xFF,0xFF,0xFF,0x3F,0xFF,0x03,0xFF,0xF0,0x00,
0x00,0x00,0x00,0x00,0x00,0x00,0x00,0x00,0x00,0x00,0x00,0x00,0x00,0x0C,0x00,0x00,
0x00,0x00,0x00,0x00,0x00,0x0C,0x00,0x00,0x00,0x00,0x00,0x0C,0x00,0x00,0x00,0x00,
0x00,0x00,0x00,0x00,0x30,0x00,0x00,0x00,0x00,0x00,0x00,0x00,0x3E,0xAA,0xAA,0xAA,
0xAB,0xAA,0xAA,0xAA,0xAA,0xAA,0xBF,0xF0,0x00,0x3F,0xFA,0xAA,0xF0,0x00,0x00,0x00,
0x00,0x00,0x3C,0x00,0x30,0x00,0x00,0x00,0x00,0xFF,0xFF,0xFF,0xFF,0xFF,0xFF,0xFF,
0xFF,0xC0,0x00,0x00,0x3F,0xFF,0xFF,0x00,0x00,0xFF,0xFF,0xFF,0xFF,0xFF,0xFF,0xFF,
0xFF,0x3F,0xFC,0x00,0x00,0x00,0x00,0x00,0x00,0x00,0x00,0x00,0x00,0x00,0x00,0x00,
0x00,0x00,0x00,0x00,0x00,0x00,0x00,0x00,0x00,0x00,0x00,0x00,0x00,0x00,0x00,0x00,
0x00,0x00,0x00,0x00,0x00,0x00,0x00,0x00,0x20,0x00,0x00,0x00,0x00,0x00,0x00,0x00,
0xFA,0xAA,0xAA,0xAA,0xAF,0xAA,0xAA,0xAA,0xAA,0xAF,0xFF,0xFF,0xFF,0xFF,0xAA,0xAB,
0xC0,0x00,0x00,0x00,0x00,0x00,0x0C,0x00,0x3C,0x00,0x00,0x00,0x03,0xFF,0xFF,0xFF,
0xFF,0xFF,0xFF,0xFF,0xFF,0xC0,0x00,0x00,0x3F,0xFF,0xFF,0x00,0x00,0x3F,0xFF,0xFF,
0xFF,0xFF,0xCF,0xFF,0xFF,0xFF,0xFC,0x00,0x00,0x00,0x00,0x00,0x00,0x00,0x00,0x00,
0x00,0x00,0x00,0x00,0x00,0x00,0x00,0x00,0x00,0x00,0x00,0x00,0x00,0x00,0x00,0x00,
0x00,0x00,0x00,0x00,0x00,0x00,0x00,0x00,0x00,0x00,0x00,0x00,0x20,0x00,0x00,0x00,
0x00,0x00,0x00,0x00,0xFA,0xAA,0xAA,0xAA,0xAF,0xAA,0xAA,0xAA,0xAA,0xFF,0xFA,0xBF,
0xFF,0xEA,0xAA,0xAB,0x00,0x00,0x00,0x00,0x00,0x00,0x0F,0x00,0x3C,0x00,0x00,0x00,
0x0F,0xFF,0xFF,0xFF,0xFF,0xFF,0xFF,0xFF,0xFF,0xF0,0x00,0x00,0x3F,0xFF,0xFF,0x00,
0x00,0x3F,0xFF,0xFF,0xFF,0xFF,0xCF,0xFF,0xFF,0xFF,0xFF,0x00,0x00,0x00,0x0A,0x00,
0x00,0x00,0x00,0x00,0x00,0x00,0x00,0x00,0x00,0x00,0x00,0x00,0x00,0x00,0x00,0x00,
0x00,0x00,0x00,0x00,0x00,0x00,0x00,0x00,0x00,0x00,0x00,0x00,0x00,0x00,0x00,0x00,
0x30,0x00,0x00,0x00,0x00,0x00,0x00,0x00,0xFA,0xAA,0xAA,0xAA,0xAA,0xAA,0xAA,0xAA,
0xAF,0xFF,0xEA,0xAA,0xAA,0xAA,0xAA,0xAF,0x00,0x00,0x00,0x00,0x00,0x00,0x0F,0x00,
0x3C,0x00,0x00,0x00,0xFF,0xFF,0xFF,0xFF,0xFF,0xFF,0xFF,0xFF,0xFF,0xFF,0x00,0x00,
0x3F,0xFF,0xFC,0x00,0x00,0x0F,0xFF,0xFF,0xFF,0xFF,0xFF,0xFF,0xFF,0xFF,0xFF,0x00,
0x00,0x00,0x0A,0x00,0x00,0x00,0x00,0x00,0x00,0x00,0x00,0x00,0x00,0x00,0x00,0x00,
0x00,0x00,0x00,0x00,0x00,0x00,0x00,0x00,0x00,0x00,0x00,0x00,0x00,0x00,0x00,0x00,
0x00,0x00,0x00,0x00,0x20,0x00,0x00,0x00,0x00,0x00,0x00,0x03,0xEA,0xAA,0xAA,0xAA,
0xAA,0xAA,0xAA,0xAA,0xFF,0xFE,0xAA,0xAA,0xAA,0xAA,0xAA,0xAF,0x00,0x00,0x00,0x00,
0x00,0x00,0x0F,0x00,0x0C,0x00,0x00,0x03,0xFF,0xFF,0xFF,0xFF,0xFF,0xFF,0xFF,0xFF,
0xFF,0xFF,0xC0,0x00,0x3F,0xFF,0xFC,0x00,0x00,0x0F,0xFF,0xFF,0xFF,0xFF,0xFF,0xFF,
0xFF,0xFF,0xFF,0x00,0x00,0x00,0x06,0x00,0x00,0x00,0x00,0x00,0x00,0x00,0x00,0x00,
0x00,0x00,0x00,0x00,0x00,0x00,0x00,0x00,0x00,0x00,0x00,0x00,0x00,0x00,0x00,0x00,
0x00,0x00,0x00,0x00,0x00,0x00,0x00,0x00,0x20,0x00,0x00,0x00,0x00,0x00,0x00,0x03,
0xEA,0xAA,0xAA,0xAA,0xAA,0xAA,0xAA,0xAB,0xFF,0xEA,0xAA,0xAA,0xAA,0xAA,0xAA,0xBC,
0x00,0x00,0x00,0x00,0x00,0x00,0x0F,0x00,0x3C,0x00,0x00,0x3F,0xFF,0xFF,0xFF,0xFF,
0xFF,0xFF,0xFF,0xFF,0xFF,0xFF,0xF0,0x00,0x3F,0xFF,0xF0,0x00,0x00,0x03,0xFF,0xFF,
0xFF,0xFF,0xF7,0xFF,0xFF,0xFF,0xFF,0x00,0x00,0x00,0x00,0x00,0x00,0x00,0x00,0x00,
0x00,0x00,0x00,0x00,0x00,0x00,0x00,0x00,0x00,0x00,0x00,0x00,0x00,0x00,0x00,0x00,
0x00,0x00,0x00,0x00,0x00,0x00,0x00,0x00,0x00,0x00,0x00,0x00,0x30,0x00,0x00,0x00,
0x00,0x00,0x00,0x03,0xAA,0xAA,0xAA,0xAA,0xAA,0xAA,0xAA,0xBF,0xFF,0xAA,0xAA,0xAA,
0xAA,0xAA,0xAA,0xBC,0x00,0x00,0x00,0x00,0x00,0x00,0x0F,0x00,0x3C,0x00,0x03,0xFF,
0xFF,0xFF,0xFF,0xFF,0xFF,0xFF,0xFF,0xFF,0xFF,0x03,0xFC,0x00,0x3F,0xFF,0xF0,0x00,
0x00,0x00,0xFF,0xFF,0xFF,0xFF,0xFF,0xFF,0xFF,0xFF,0xFF,0x00,0x00,0x00,0x00,0x00,
0x00,0x00,0x00,0x00,0x00,0x00,0x00,0x00,0x00,0x00,0x00,0x00,0x00,0x00,0x00,0x00,
0x00,0x00,0x00,0x00,0x00,0x00,0x00,0x00,0x00,0x00,0x00,0x00,0x00,0x00,0x00,0x00,
0x20,0x00,0x00,0x00,0x00,0x00,0x00,0x0F,0xAA,0xAA,0xAA,0xAA,0xAA,0xAA,0xAA,0xFF,
0xFA,0xAA,0xAA,0xAA,0xAA,0xAA,0xAA,0xB0,0x00,0x00,0x00,0x00,0x00,0x00,0x0F,0x00,
0x3C,0x00,0x3F,0xFF,0xFF,0xFF,0xFF,0xFF,0xFF,0xFF,0xFF,0xFF,0xFC,0x00,0xFF,0x00,
0x3F,0xFF,0xFF,0x00,0x00,0x00,0x3F,0xFF,0xFF,0xFF,0xFF,0xFF,0xFF,0xFF,0xFF,0x00,
0x00,0x00,0x00,0x00,0x00,0x00,0x00,0x00,0x00,0x00,0x00,0x00,0x00,0x00,0x00,0x00,
0x00,0x00,0x00,0x00,0x00,0x00,0x00,0x00,0x00,0x00,0x00,0x00,0x00,0x00,0x00,0x00,
0x00,0x00,0x00,0x00,0x20,0x00,0x00,0x00,0x00,0x00,0x00,0x0F,0xAA,0xAA,0xAA,0xAA,
0xAA,0xAA,0xAB,0xFF,0xEA,0xAA,0xAA,0xAA,0xAA,0xAA,0xAA,0xF0,0x00,0x00,0x00,0x00,
0x00,0x00,0x0C,0x00,0x3C,0x00,0xFF,0xFF,0xFF,0xFF,0xFF,0xFF,0xFF,0xFF,0xFF,0xFF,
0xFC,0x00,0x3F,0x00,0x3F,0xFF,0xF0,0x00,0x00,0x00,0x03,0xFF,0xFF,0xFF,0xFF,0xFF,
0xFF,0xFF,0xFF,0x00,0x00,0x00,0x00,0x00,0x00,0x00,0x00,0x00,0x00,0x00,0x00,0x00,
0x00,0x00,0x00,0x00,0x00,0x00,0x00,0x00,0x00,0x00,0x00,0x00,0x00,0x00,0x00,0x00,
0x00,0x00,0x00,0x00,0x00,0x00,0x00,0x00,0x24,0x00,0x00,0x00,0x00,0x00,0x00,0x0E,
0xAA,0xAA,0xAA,0xAA,0xAA,0xAA,0xAB,0xFF,0xAA,0xAA,0xAA,0xAA,0xAA,0xAA,0xAA,0xF0,
0x00,0x00,0x00,0x00,0x00,0x00,0x3C,0x00,0x30,0x00,0xFF,0xFF,0xFF,0xFF,0xFF,0xFF,
0xFF,0xFF,0xFF,0xFF,0xF0,0x00,0x3F,0xC0,0xFF,0xFF,0xC0,0x00,0x00,0x00,0x00,0xFF,
0xFF,0xFF,0xFF,0xFF,0xFF,0xFF,0xFF,0x00,0x00,0x00,0x09,0x00,0x00,0x00,0x00,0x00,
0x00,0x00,0x00,0x00,0x00,0x00,0x00,0x00,0x00,0x00,0x00,0x00,0x00,0x00,0x00,0x00,
0x00,0x00,0x00,0x00,0x00,0x00,0x00,0x00,0x00,0x00,0x00,0x00,0x20,0x00,0x00,0x00,
0x00,0x00,0x00,0x0E,0xAA,0xAA,0xAA,0xAA,0xAA,0xAA,0xAF,0xFA,0xAA,0xAE,0xAA,0xAA,
0xAA,0xAA,0xAA,0xF0,0x00,0x3F,0x00,0x00,0x00,0x00,0x3C,0x00,0xF0,0x00,0xFF,0xFF,
0xFF,0xFF,0xFF,0xFF,0xFF,0xFF,0xFF,0xFF,0xC0,0x00,0x0F,0xF0,0xFF,0xFF,0xC0,0x00,
0x00,0x00,0x00,0x0F,0xFF,0xFF,0xFF,0xFF,0xFF,0xFF,0xFF,0x00,0x00,0x00,0x0E,0x00,
0x00,0x00,0x00,0x00,0x00,0x00,0x00,0x00,0x00,0x00,0x00,0x00,0x00,0x00,0x00,0x00,
0x00,0x00,0x00,0x00,0x00,0x00,0x00,0x00,0x00,0x00,0x00,0x00,0x00,0x00,0x00,0x00,
0x00,0x00,0x00,0x00,0x00,0x00,0x00,0x3E,0xAA,0xAA,0xAA,0xAA,0xAA,0xAA,0xAF,0xAA,
0xAA,0xBA,0xAA,0xAA,0xAA,0xAA,0xAA,0xF0,0x03,0xF0,0x00,0x00,0x00,0x00,0x30,0x00,
0xF0,0x00,0x00,0x00,0x03,0xFF,0xFF,0xFF,0xFF,0xFF,0xFF,0xFF,0x00,0x00,0x03,0xFC,
0xFF,0xFF,0xC0,0x00,0x00,0x00,0x00,0x00,0xFF,0xFD,0xFF,0xFF,0xFF,0xFF,0xFF,0x00,
0x00,0x00,0x00,0x00,0x00,0x00,0x00,0x00,0x00,0x00,0x00,0x00,0x00,0x00,0x00,0x00,
0x00,0x00,0x00,0x00,0x00,0x00,0x00,0x00,0x00,0x00,0x00,0x00,0x00,0x00,0x00,0x00,
0x00,0x00,0x00,0x00,0x00,0x00,0x00,0x00,0x00,0x00,0x00,0x3E,0xAA,0xAA,0xAA,0xAA,
0xAA,0xAA,0xAA,0xAA,0xAA,0xEA,0xAA,0xAA,0xAA,0xAA,0xAA,0xD0,0x0F,0xC0,0x00,0x00,
0x00,0x00,0xF0,0x00,0xC0,0x00,0x00,0x00,0x00,0x0F,0xFF,0xFF,0xFF,0xFF,0xFF,0xFC,
0x00,0x00,0x03,0xFC,0xFF,0xFF,0xC0,0x00,0x00,0x00,0x00,0x00,0x03,0xFF,0xFF,0xFF,
0xFF,0xFF,0xFF,0x00,0x00,0x00,0x00,0x00,0x00,0x00,0x00,0x00,0x00,0x00,0x00,0x00,
0x00,0x00,0x00,0x00,0x00,0x00,0x00,0x00,0x00,0x00,0x00,0x00,0x00,0x00,0x00,0x00,
0x00,0x00,0x00,0x00,0x00,0x00,0x00,0x00,0x24,0x00,0x00,0x00,0x00,0x00,0x00,0x3E,
0xAA,0xAA,0xAA,0xAA,0xAA,0xAA,0xAA,0xAA,0xAA,0xAA,0xAA,0xAA,0xAA,0xAA,0xAB,0xC0,
0xFC,0x00,0x00,0x00,0x00,0x03,0xC0,0x03,0xC0,0x00,0x00,0x00,0x00,0x00,0x3F,0xFF,
0xFF,0xFF,0xFF,0xC0,0x00,0x00,0x00,0xFC,0xFF,0xFF,0x00,0x00,0x00,0x00,0x00,0x00,
0x00,0x03,0x00,0x00,0x00,0xFF,0xFF,0x00,0x00,0x00,0x00,0x00,0x00,0x00,0x00,0x00,
0x00,0x00,0x00,0x00,0x00,0x00,0x00,0x00,0x00,0x00,0x00,0x00,0x00,0x00,0x00,0x00,
0x00,0x00,0x00,0x00,0x00,0x00,0x00,0x00,0x00,0x00,0x00,0x00,0x28,0x00,0x00,0x00,
0x00,0x00,0x00,0x3E,0xAA,0xAA,0xAA,0xAA,0xAA,0xAA,0xAA,0xAA,0xAB,0xAA,0xAA,0xAA,
0xAA,0xBA,0xAB,0xC3,0xF0,0x00,0x00,0x00,0x00,0x03,0xC0,0x0F,0x00,0x00,0x00,0x00,
0x00,0x00,0x00,0xFF,0xFF,0xFF,0xFC,0x00,0x00,0x00,0x00,0xFF,0xFF,0xFF,0x00,0x00,
0x00,0x00,0x00,0x00,0x00,0x00,0x00,0x00,0x00,0x03,0xFF,0x00,0x00,0x00,0x00,0x00,
0x00,0x00,0x00,0x00,0x00,0x00,0x00,0x00,0x00,0x00,0x00,0x00,0x00,0x00,0x00,0x00,
0x00,0x00,0x00,0x00,0x00,0x00,0x00,0x00,0x00,0x00,0x00,0x00,0x00,0x00,0x00,0x00,
0x28,0x00,0x00,0x00,0x00,0x00,0x00,0x3E,0xAA,0xAA,0xAA,0xAA,0xAA,0xAA,0xAA,0xAA,
0xAE,0xAA,0xAA,0xAA,0xAA,0xBA,0xAB,0xCF,0x00,0x00,0x00,0x00,0x00,0x0F,0x00,0x0C,
0x00,0x00,0x00,0x00,0x00,0x00,0x00,0x03,0xFF,0xFC,0x00,0x00,0x00,0x00,0x00,0x3F,
0xFF,0xFF,0x00,0x00,0x00,0x00,0x00,0x00,0x00,0x00,0x00,0x00,0x00,0x00,0x3F,0x00,
0x00,0x00,0x00,0x00,0x00,0x03,0x00,0x00,0x00,0x00,0x00,0x00,0x00,0x00,0x00,0x00,
0x00,0x00,0x00,0x00,0x00,0x00,0x00,0x00,0x00,0x00,0x00,0x00,0x00,0x00,0x00,0x00,
0x00,0x00,0x00,0x00,0x28,0x00,0x00,0x00,0x00,0x00,0x00,0x3E,0xAA,0xAA,0xAA,0xAA,
0xAA,0xAA,0xAA,0xAA,0xBA,0xAA,0xAA,0xAA,0xAA,0xAA,0xAB,0xFD,0x00,0x00,0x00,0x00,
0x00,0x1C,0x00,0x3C,0x00,0x00,0x00,0x00,0x00,0x00,0x00,0x00,0x00,0x00,0x00,0x00,
0x00,0x00,0x00,0x3F,0xFF,0xFF,0x00,0x00,0x00,0x00,0x00,0x00,0x00,0x00,0x00,0x00,
0x00,0x00,0x01,0x00,0x00,0x00,0x00,0x00,0x00,0x03,0x00,0x0C,0x30,0x33,0xFF,0x3F,
0xF0,0xFF,0x03,0xFC,0x03,0x00,0xFC,0x03,0xFF,0x00,0x00,0x03,0xC0,0x3F,0xC3,0x00,
0x00,0x00,0x00,0x00,0x00,0x00,0x00,0x00,0x2C,0x00,0x00,0x00,0x00,0x00,0x00,0x3E,
0xAA,0xAA,0xAA,0xAA,0xAA,0xAA,0xAA,0xAA,0xAA,0xAA,0xAA,0xAA,0xAA,0xAA,0xAB,0xF0,
0x00,0x00,0x00,0x00,0x00,0x3C,0x00,0xF0,0x00,0x00,0x00,0x00,0x00,0x00,0x00,0x00,
0x00,0x00,0x00,0x00,0x00,0x00,0x00,0x3F,0xFF,0xFF,0xF0,0x00,0x00,0x00,0x00,0x00,
0x00,0x00,0x00,0x00,0x00,0x00,0x00,0x00,0x00,0x00,0x00,0x00,0x00,0x0F,0xC0,0x0C,
0x3C,0x30,0x30,0x30,0x00,0xC0,0xC3,0x00,0x0C,0xC3,0x03,0x03,0x00,0x00,0x00,0x0C,
0x30,0x30,0xC3,0x00,0x00,0x00,0x00,0x00,0x00,0x00,0x00,0x00,0x2C,0x00,0x00,0x00,
0x00,0x00,0x00,0x3E,0xAA,0xAA,0xAA,0xAA,0xAA,0xAA,0xAA,0xAA,0xAA,0xAA,0xAA,0xAA,
0xAA,0xAA,0xAF,0xC0,0x00,0x00,0x00,0x00,0x00,0xF0,0x00,0xC0,0x00,0x00,0x00,0x00,
0x00,0x00,0x00,0x00,0x00,0x00,0x00,0x00,0x00,0x00,0x00,0x0F,0xFF,0xFF,0x00,0x00,
0x00,0x00,0x00,0x00,0x00,0x00,0x00,0x00,0x00,0x00,0x00,0x00,0x00,0x00,0x02,0x00,
0x00,0x3F,0xF0,0x0C,0x3C,0x30,0x30,0x30,0x00,0xC0,0xC3,0x00,0x0C,0xC3,0x00,0x03,
0x00,0x30,0x00,0x0C,0x00,0x30,0xC3,0x00,0x00,0x00,0x00,0x00,0x00,0x00,0x00,0x00,
0x18,0x00,0x00,0x00,0x00,0x00,0x00,0x3E,0xAA,0xAA,0xAA,0xAA,0xAA,0xAA,0xAA,0xAA,
0xAA,0xAA,0xAA,0xAA,0xAA,0xAA,0xAF,0x00,0x00,0x00,0x00,0x00,0x03,0xC0,0x03,0xC0,
0x00,0x00,0x00,0x00,0x00,0x00,0x00,0x00,0x00,0x00,0x00,0x00,0x00,0x00,0x00,0x0F,
0xFF,0xFF,0x00,0x00,0x00,0x00,0x00,0x00,0x00,0x00,0x00,0x00,0x00,0x00,0x00,0x00,
0x00,0x00,0x02,0x00,0x00,0xFF,0xFC,0x0C,0x33,0x30,0x30,0x3F,0xF0,0xFF,0x03,0xF0,
0x30,0x33,0x00,0x03,0xFF,0x00,0x00,0x03,0xC0,0x3F,0xC3,0x00,0x00,0x00,0x00,0x00,
0x00,0x00,0x00,0x00,0x2C,0x00,0x00,0x00,0x00,0x00,0x00,0x3E,0xAA,0xAA,0xAA,0xAA,
0xAA,0xAA,0xAA,0xAA,0xAA,0xAA,0xAA,0xAA,0xAA,0xAA,0xAF,0x00,0x00,0x00,0x00,0x00,
0x0F,0x00,0x0F,0x00,0x00,0x00,0x00,0x00,0x00,0x00,0x00,0x00,0x00,0x00,0x00,0x00,
0x00,0x00,0x00,0x03,0xFF,0xFC,0x00,0x00,0x00,0x00,0x00,0x00,0x00,0x00,0x00,0x00,
0x00,0x00,0x00,0x00,0x00,0x00,0x06,0x00,0x00,0x3F,0xF0,0x0C,0x30,0xF0,0x30,0x30,
0x00,0xC3,0x03,0x00,0x3F,0xF3,0x00,0x03,0x00,0x00,0x00,0x00,0x30,0x30,0x03,0x00,
0x00,0x00,0x00,0x00,0x00,0x00,0x00,0x00,0x2C,0x00,0x00,0x00,0x00,0x00,0x00,0x3E,
0xAA,0xAA,0xAA,0xAA,0xAA,0xAA,0xAA,0xAA,0xAA,0xAA,0xAA,0xAA,0xAA,0xAA,0xAF,0x00,
0x00,0x00,0x00,0x00,0x0F,0x00,0x3C,0x00,0x00,0x00,0x00,0x00,0x00,0x00,0x00,0x00,
0x00,0x00,0x00,0x00,0x00,0x00,0x00,0x07,0xFF,0xFC,0x00,0x00,0x00,0x00,0x00,0x00,
0x00,0x00,0x00,0x00,0x00,0x00,0x00,0x00,0x00,0x00,0x0A,0x00,0x00,0x0F,0xC0,0x0C,
0x30,0xF0,0x30,0x30,0x00,0xC0,0xC3,0x00,0x30,0x33,0x03,0x03,0x00,0x00,0x00,0x0C,
0x30,0x30,0x03,0x00,0x00,0x00,0x00,0x00,0x00,0x00,0x00,0x00,0x2C,0x00,0x00,0x00,
0x00,0x00,0x00,0x3F,0xAA,0xAA,0xAA,0xAA,0xAA,0xAA,0xAA,0xAA,0xAA,0xAA,0xAA,0xAA,
0xAA,0xAA,0xBC,0x00,0x00,0x00,0x00,0x00,0x3C,0x00,0xFC,0x00,0x00,0x00,0x00,0x00,
0x00,0x00,0x00,0x00,0x00,0x00,0x00,0x00,0x00,0x00,0x00,0xCF,0xFF,0xFF,0x00,0x00,
0x00,0x00,0x00,0x00,0x00,0x00,0x00,0x00,0x00,0x00,0x00,0x00,0x00,0x00,0x0A,0x00,
0x00,0x03,0x00,0x0C,0x30,0x30,0x30,0x3F,0xF0,0xC0,0xC3,0x00,0xC0,0x0C,0xFC,0x03,
0xFF,0x30,0x00,0x03,0xC0,0x30,0x03,0x00,0x00,0x00,0x00,0x00,0x00,0x00,0x00,0x00,
0x18,0x00,0x00,0x00,0x00,0x00,0x00,0x3F,0xAA,0xAA,0xAA,0xAA,0xAA,0xAA,0xAA,0xAA,
0xAA,0xAA,0xAA,0xAA,0xAA,0xAA,0xBC,0x00,0x00,0x00,0x00,0x00,0xF0,0x03,0xF0,0x00,
0x00,0x00,0x00,0x00,0x00,0x00,0x00,0x00,0x00,0x00,0x00,0x00,0x00,0x00,0x00,0x0F,
0xFF,0xFC,0x00,0x00,0x00,0x00,0x00,0x00,0x00,0x00,0x00,0x00,0x00,0x00,0x00,0x00,
0x00,0x00,0x0B,0x00,0x00,0x00,0x00,0x00,0x00,0x00,0x00,0x00,0x00,0x00,0x00,0x00,
0x00,0x00,0x00,0x00,0x00,0x00,0x00,0x00,0x00,0x00,0x00,0x00,0x00,0x00,0x00,0x00,
0x00,0x00,0x00,0x00,0x2C,0x00,0x00,0x00,0x00,0x00,0x00,0x3F,0xAA,0xAA,0xAA,0xAA,
0xAA,0xAA,0xAA,0xAA,0xAA,0xAA,0xAA,0xAA,0xAA,0xAA,0xF0,0x00,0x00,0x00,0x00,0x03,
0xC0,0x03,0xC0,0x00,0x00,0x00,0x00,0x00,0x00,0x00,0x00,0x00,0x00,0x00,0x00,0x00,
0x00,0x00,0x00,0x0F,0xFF,0xFC,0x00,0x00,0x00,0x00,0x00,0x00,0x00,0x00,0x00,0x00,
0x00,0x00,0x00,0x00,0x00,0x00,0x06,0x00,0x00,0x00,0x00,0x00,0x00,0x00,0x00,0x00,
0x00,0x00,0x00,0x00,0x00,0x00,0x00,0x00,0x00,0x00,0x00,0x00,0x00,0x00,0x00,0x00,
0x00,0x00,0x00,0x00,0x00,0x00,0x00,0x00,0x08,0x00,0x00,0x00,0x00,0x00,0x00,0x0F,
0xAA,0xAA,0xAA,0xAA,0xAA,0xAA,0xAA,0xAA,0xAA,0xAA,0xAA,0xAA,0xAA,0xAB,0xF0,0x00,
0x00,0x00,0x00,0x0F,0x00,0x0F,0x00,0x00,0x00,0x00,0x00,0x00,0x00,0x00,0x00,0x00,
0x00,0x00,0x00,0x00,0x00,0x00,0x00,0x0F,0xFF,0xFC,0x00,0x00,0x00,0x00,0x00,0x00,
0x00,0x00,0x00,0x00,0x00,0x00,0x00,0x00,0x00,0x00,0x00,0x00,0x00,0x00,0x00,0x00,
0x00,0x00,0x00,0x00,0x00,0x00,0x00,0x00,0x00,0x00,0x00,0x00,0x00,0x00,0x00,0x00,
0x00,0x00,0x00,0x00,0x00,0x00,0x00,0x00,0x00,0x00,0x00,0x00,0x0C,0x00,0x00,0x00,
0x00,0x00,0x00,0x0F,0xAA,0xAA,0xAA,0xAA,0xAA,0xAA,0xAA,0xAA,0xAA,0xAA,0xAA,0xAA,
0xAA,0xAF,0xC0,0x00,0x00,0x00,0x00,0x3F,0x00,0x3C,0x00,0x00,0x00,0x00,0x00,0x00,
0x00,0x00,0x00,0x00,0x00,0x00,0x00,0x00,0x00,0x00,0x00,0x1F,0xFF,0xF0,0x00,0x00,
0x00,0x00,0x00,0x00,0x00,0x00,0x00,0x00,0x00,0x00,0x00,0x00,0x00,0x00,0x00,0x00,
0x00,0x00,0x00,0x00,0x00,0x00,0x00,0x00,0x00,0x00,0x00,0x00,0x00,0x00,0x00,0x00,
0x00,0x00,0x00,0x00,0x00,0x00,0x00,0x00,0x00,0x00,0x00,0x00,0x00,0x00,0x00,0x00,
0x0C,0x00,0x00,0x00,0x00,0x00,0x00,0x0F,0xAA,0xAA,0xAA,0xAA,0xAA,0xAA,0xAA,0xAA,
0xAA,0xAA,0xAA,0xAA,0xAA,0xBF,0x00,0x00,0x00,0x00,0x00,0xF4,0x00,0xF0,0x00,0x00,
0x00,0x00,0x00,0x00,0x00,0x00,0x00,0x00,0x00,0x00,0x00,0x00,0x00,0x00,0x00,0x3F,
0xFF,0xF0,0x00,0x00,0x00,0x00,0x00,0x00,0x00,0x00,0x00,0x00,0x00,0x00,0x00,0x00,
0x00,0x00,0x00,0x00,0x00,0x00,0x00,0x00,0x00,0x00,0x00,0x00,0x00,0x00,0x00,0x00,
0x00,0x00,0x00,0x00,0x00,0x00,0x00,0x00,0x00,0x00,0x00,0x00,0x00,0x00,0x00,0x00,
0x00,0x00,0x00,0x00,0x1C,0x00,0x00,0x00,0x00,0x00,0x00,0x0F,0xAA,0xAA,0xAA,0xAA,
0xAA,0xAA,0xAA,0xAA,0xAA,0xAA,0xAA,0xAA,0xAA,0xFC,0x00,0x00,0x00,0x00,0x03,0xF0,
0x03,0xC0,0x00,0x00,0x00,0x00,0x00,0x00,0x00,0x00,0x00,0x00,0x00,0x00,0x00,0x00,
0x00,0x00,0x00,0x3F,0xFF,0xF0,0x00,0x00,0x00,0x00,0x00,0x00,0x00,0x00,0x00,0x00,
0x00,0x00,0x00,0x00,0x00,0x00,0x00,0x00,0x00,0x00,0x00,0x00,0x00,0x00,0x00,0x00,
0x00,0x00,0x00,0x00,0x00,0x00,0x00,0x00,0x00,0x00,0x00,0x00,0x00,0x00,0x00,0x00,
0x00,0x00,0x00,0x00,0x00,0x00,0x00,0x00,0x08,0x00,0x00,0x00,0x00,0x00,0x00,0x0F,
0xEA,0xAA,0xBA,0xAA,0xAA,0xAA,0xAA,0xAA,0xAA,0xAA,0xAA,0xBA,0xAF,0xF0,0x00,0x00,
0x00,0x00,0x0F,0x00,0x0F,0x00,0x00,0x00,0x00,0x00,0x00,0x00,0x00,0x00,0x00,0x00,
0x00,0x00,0x0F,0x00,0x00,0x00,0x00,0x3F,0xFF,0xFC,0x00,0x00,0x00,0x00,0x00,0x00,
0x00,0x00,0x00,0x00,0x00,0x00,0x00,0x00,0x00,0x00,0x00,0x00,0x00,0x00,0x00,0x00,
0x00,0x00,0x00,0x00,0x00,0x00,0x00,0x00,0x00,0x00,0x00,0x00,0x00,0x00,0x00,0x00,
0x00,0x00,0x00,0x00,0x00,0x00,0x00,0x00,0x00,0x00,0x00,0x00,0x0C,0x00,0x00,0x00,
0x00,0x00,0x00,0x0F,0xEA,0xAE,0xAE,0xAA,0xAA,0xAA,0xAA,0xAA,0xAA,0xAA,0xAA,0xAA,
0xBF,0x00,0x00,0x00,0x00,0x00,0x3F,0x00,0x3C,0x00,0x00,0x00,0x00,0x00,0x00,0x00,
0x00,0x00,0x00,0x00,0x00,0x00,0x0F,0xC0,0x00,0x00,0x00,0x3F,0xFF,0xFC,0x00,0x00,
0x00,0x00,0x08,0x00,0x00,0x00,0x00,0x00,0x00,0x00,0x00,0x00,0x00,0x00,0x00,0x00,
0x00,0x00,0x00,0x00,0x00,0x00,0x00,0x00,0x00,0x00,0x00,0x00,0x00,0x00,0x00,0x00,
0x00,0x00,0x00,0x00,0x00,0x00,0x00,0x00,0x00,0x00,0x00,0x00,0x00,0x00,0x00,0x00,
0x0C,0x00,0x00,0x00,0x00,0x00,0x00,0x03,0xEA,0xAA,0xAE,0xAA,0xAA,0xAA,0xAA,0xAA,
0xAA,0xAA,0xAA,0xAA,0xFC,0x00,0x00,0x00,0x00,0x00,0xFC,0x00,0xF0,0x00,0x00,0x00,
0x00,0x00,0x00,0x00,0x00,0x00,0x00,0x00,0x00,0x00,0x03,0xF0,0x00,0x00,0x00,0xFF,
0xFF,0xC0,0x00,0x00,0x00,0x00,0xF0,0x00,0x00,0x00,0x00,0x00,0x00,0x00,0x00,0x00,
0x00,0x00,0x00,0x00,0x00,0x00,0x00,0x00,0x00,0x00,0x00,0x00,0x00,0x00,0x00,0x00,
0x00,0x00,0x00,0x00,0x00,0x00,0x00,0x00,0x00,0x00,0x00,0x00,0x00,0x00,0x00,0x00,
0x00,0x00,0x00,0x00,0x0C,0x00,0x00,0x00,0x00,0x00,0x00,0x03,0xEA,0xAE,0xAE,0xAA,
0xAA,0xAA,0xAA,0xAA,0xAA,0xAA,0xAA,0xAB,0xF0,0x00,0x00,0x00,0x00,0x03,0xE0,0x03,
0xC0,0x00,0x00,0x00,0x00,0x00,0x00,0x00,0x00,0x00,0x00,0x00,0x00,0x00,0x00,0xFC,
0x00,0x00,0x00,0xFF,0xFF,0xC0,0x00,0x00,0x00,0x03,0xC0,0x00,0x00,0x00,0x00,0x00,
0x00,0x00,0x00,0x00,0x00,0x00,0x0A,0x00,0x00,0x00,0x00,0x00,0x00,0x00,0x00,0x00,
0x00,0x00,0x00,0x00,0x00,0x00,0x00,0x00,0x00,0x00,0x00,0x00,0x00,0x00,0x00,0x00,
0x00,0x00,0x00,0x00,0x00,0x00,0x00,0x00,0x0C,0x00,0x00,0x00,0x00,0x00,0x00,0x03,
0xFA,0xAB,0xAB,0xAA,0xAA,0xAA,0xAA,0xAA,0xAA,0xAA,0xAE,0xAB,0xF0,0x00,0x00,0x00,
0x00,0x0F,0x00,0x0F,0x00,0x00,0x00,0x00,0x00,0x00,0x00,0x00,0x00,0x00,0x00,0x00,
0x00,0x00,0x00,0xFC,0x00,0x00,0x00,0xFF,0xFF,0xC0,0x00,0x00,0x00,0x0F,0x00,0x00,
0x00,0x00,0x00,0x00,0x00,0x00,0x00,0x00,0x00,0x00,0x0A,0x00,0x00,0x00,0x00,0x00,
0x00,0x00,0x00,0x00,0x00,0x00,0x00,0x00,0x00,0x00,0x00,0x00,0x00,0x00,0x00,0x00,
0x00,0x00,0x00,0x00,0x00,0x00,0x00,0x00,0x00,0x00,0x00,0x00,0x1C,0x00,0x00,0x00,
0x00,0x00,0x00,0x03,0xFA,0xAB,0xAB,0xAA,0xAA,0xAA,0xAA,0xAA,0xAA,0xAA,0xAE,0xAB,
0xC0,0x00,0x00,0x00,0x00,0x3F,0x00,0x3C,0x00,0x00,0x00,0x00,0x00,0x00,0x00,0x00,
0x00,0x00,0x00,0x00,0x00,0x00,0x00,0x3F,0x00,0x00,0x00,0xFF,0xFF,0xC0,0x00,0x00,
0x00,0x3C,0x00,0x00,0x00,0x00,0x00,0x00,0x00,0x00,0x00,0x00,0x00,0x00,0x00,0x00,
0x00,0x00,0x00,0x00,0x00,0x00,0x00,0x00,0x00,0x00,0x00,0x00,0x00,0x00,0x00,0x00,
0x00,0x00,0x00,0x00,0x00,0x00,0x00,0x00,0x00,0x00,0x00,0x00,0x00,0x00,0x00,0x00,
0x0C,0x00,0x00,0x00,0x00,0x00,0x00,0x03,0xFA,0xAB,0xEB,0xEA,0xAA,0xAA,0xAA,0xAA,
0xAA,0xAA,0xAA,0xAB,0xC0,0x00,0x00,0x00,0x00,0xF0,0x00,0xF0,0x00,0x00,0x00,0x00,
0x00,0x00,0x00,0x00,0x00,0x00,0x00,0x00,0x00,0x00,0x00,0x3F,0xC0,0x00,0x03,0xFF,
0xFF,0x00,0x00,0x00,0x00,0xF0,0x00,0x00,0x00,0x7F,0xC0,0x00,0x00,0x00,0x00,0x00,
0x00,0x00,0x00,0x00,0x00,0x00,0x00,0x00,0x00,0x00,0x00,0x00,0x00,0x00,0x00,0x00,
0x00,0x00,0x00,0x00,0x00,0x00,0x00,0x00,0x00,0x00,0x00,0x00,0x00,0x00,0x00,0x00,
0x00,0x00,0x00,0x00,0x0C,0x00,0x00,0x00,0x00,0x00,0x00,0x00,0xFE,0xAA,0xEB,0xEA,
0xAA,0xAA,0xAA,0xAA,0xAA,0xAA,0xAA,0xAF,0xC0,0x00,0x00,0x00,0x03,0xF0,0x03,0xC0,
0x00,0x00,0x00,0x00,0x00,0x00,0x00,0x00,0x00,0x00,0x00,0x00,0x00,0x00,0x00,0x0F,
0xC0,0x00,0x03,0xFF,0xFF,0x00,0x00,0x3C,0x00,0xC0,0x00,0x00,0x0F,0xFF,0x00,0x00,
0x00,0x00,0x00,0x00,0x00,0x00,0x00,0x00,0x00,0x00,0x00,0x00,0x00,0x00,0x00,0x00,
0x00,0x00,0x00,0x00,0x00,0x00,0x00,0x00,0x00,0x00,0x00,0x00,0x00,0x00,0x00,0x00,
0x00,0x00,0x00,0x00,0x00,0x00,0x00,0x00,0x0C,0x00,0x00,0x00,0x00,0x00,0x00,0x00,
0xFE,0xAA,0xEA,0xEA,0xAA,0xAA,0xAA,0xAA,0xAA,0xAA,0xAA,0xAF,0x00,0x00,0x00,0x00,
0x0F,0x00,0x0F,0x00,0x00,0x00,0x00,0x00,0x00,0x00,0x00,0x00,0x00,0x00,0x00,0x00,
0x00,0x00,0x00,0x03,0xF0,0x00,0x03,0xFF,0xFF,0xF0,0x03,0xF0,0x03,0x00,0x00,0x00,
0x3F,0xFC,0x00,0x00,0x00,0x00,0x00,0x00,0x00,0x00,0x00,0x00,0x00,0x00,0x00,0x00,
0x00,0x00,0x00,0x00,0x00,0x00,0x00,0x00,0x00,0x00,0x00,0x00,0x00,0x00,0x00,0x00,
0x00,0x00,0x00,0x00,0x00,0x00,0x00,0x00,0x00,0x00,0x00,0x00,0x1C,0x00,0x00,0x00,
0x00,0x00,0x00,0x03,0xFE,0xAA,0xBA,0xFA,0xAA,0xAA,0xAA,0xAA,0xAA,0xAF,0xAA,0xAF,
0x00,0x00,0x00,0x00,0x3C,0x00,0x3C,0x00,0x00,0x00,0x00,0x00,0x00,0x00,0x00,0x00,
0x00,0x00,0x00,0x00,0x00,0x03,0xC0,0x03,0xFC,0x00,0x0F,0xFF,0xFF,0x00,0x0F,0xC0,
0x0C,0x00,0x00,0x03,0xFF,0xC0,0x00,0x00,0x00,0x00,0x00,0x00,0x00,0x00,0x00,0x00,
0x00,0x00,0x00,0x00,0x00,0x00,0x00,0x00,0x00,0x00,0x00,0x00,0x00,0x00,0x00,0x00,
0x00,0x00,0x00,0x00,0x00,0x00,0x00,0x00,0x00,0x00,0x00,0x00,0x00,0x00,0x00,0x00,
0x0C,0x00,0x00,0x00,0x00,0x00,0x00,0x3F,0xAE,0xAA,0xBA,0xBA,0xAA,0xAA,0xAA,0xAA,
0xAA,0xAA,0xAA,0xBF,0x00,0x00,0x00,0x00,0xF0,0x00,0xF8,0x00,0x00,0x00,0x00,0x00,
0x00,0x00,0x00,0x00,0x00,0x00,0x00,0x00,0x00,0x01,0xF0,0x00,0xFC,0x00,0x0F,0xFF,
0xFC,0x00,0x3F,0x00,0x0C,0x00,0x00,0x0F,0xFC,0x00,0x00,0x00,0x00,0x00,0x00,0x00,
0x00,0x00,0x08,0x00,0x00,0x00,0x00,0x00,0x00,0x00,0x00,0x00,0x00,0x00,0x00,0x00,
0x00,0x00,0x00,0x00,0x00,0x00,0x00,0x00,0x00,0x00,0x00,0x00,0x00,0x00,0x00,0x00,
0x00,0x00,0x00,0x00,0x2C,0x00,0x00,0x00,0xC0,0x00,0x00,0xFE,0xAE,0xAA,0xBE,0xBE,
0xAA,0xAA,0xAA,0xAA,0xAA,0xEA,0xAA,0xBC,0x00,0x00,0x00,0x03,0xC0,0x03,0xF0,0x00,
0x00,0x00,0x00,0x00,0x00,0x00,0x30,0x00,0x00,0x00,0x00,0x00,0x00,0x00,0x3F,0x00,
0xFF,0x00,0x0F,0xFF,0xFC,0x00,0xFC,0x00,0x30,0x00,0x00,0x3F,0xC0,0x00,0x00,0x00,
0x00,0x00,0x00,0x00,0x00,0x00,0x0E,0x00,0x00,0x00,0x00,0x00,0x00,0x00,0x00,0x00,
0x00,0x00,0x00,0x00,0x00,0x00,0x00,0x00,0x00,0x00,0x00,0x00,0x00,0x00,0x00,0x00,
0x00,0x00,0x00,0x00,0x00,0x00,0x00,0x00,0x0C,0x00,0x00,0x00,0xF0,0x00,0x03,0xFA,
0xAA,0xAA,0xAE,0xBE,0xAA,0xAA,0xAA,0xAA,0xAB,0xAA,0xAA,0xFC,0x00,0x00,0x00,0x0F,
0x00,0x03,0xC0,0x00,0x00,0x00,0x00,0x00,0x00,0x00,0x30,0x00,0x30,0x00,0x03,0xFF,
0x00,0x00,0x0F,0xC0,0x7F,0x00,0x1F,0xFF,0xFC,0x03,0xFC,0x00,0xC0,0x00,0x00,0xFD,
0x00,0x00,0x00,0x00,0x00,0x00,0x00,0x00,0x00,0x00,0x0A,0x00,0x00,0x00,0x00,0x00,
0x00,0x00,0x00,0x00,0x00,0x00,0x00,0x00,0x00,0x00,0x00,0x00,0x00,0x00,0x00,0x00,
0x00,0x00,0x00,0x00,0x00,0x00,0x00,0x00,0x00,0x00,0x00,0x00,0x2C,0x00,0x00,0x00,
0x3C,0x00,0x03,0xEA,0xAA,0xAA,0xAA,0xAE,0xAA,0xAA,0xAA,0xAA,0xBF,0xAA,0xAB,0xF0,
0x00,0x00,0x00,0x3F,0x00,0x0F,0x00,0x00,0x00,0x00,0x00,0x00,0x00,0x00,0x00,0x00,
0x3C,0x00,0x00,0x4F,0xFC,0x00,0x03,0xF0,0x3F,0xC0,0x3F,0xFF,0xF0,0x0F,0xF0,0x00,
0xCF,0xFC,0x03,0xF0,0x00,0x00,0x00,0x00,0x00,0x00,0x00,0x00,0x00,0x00,0x00,0x00,
0x00,0x00,0x00,0x00,0x00,0x00,0x00,0x00,0x00,0x00,0x00,0x00,0x00,0x00,0x00,0x00,
0x00,0x00,0x00,0x00,0x00,0x00,0x00,0x00,0x00,0x00,0x00,0x00,0x00,0x00,0x00,0x00,
0x1C,0x00,0x00,0x00,0x3C,0x00,0x0F,0xEA,0xAA,0xAA,0xAA,0xAA,0xAA,0xAA,0xAA,0xAA,
0xFA,0xAA,0xAF,0xC0,0x00,0x00,0x00,0xFC,0x00,0x0B,0xC0,0x00,0x00,0x00,0x00,0x00,
0x30,0x00,0x00,0x00,0x0F,0x00,0x00,0x00,0x3F,0xF0,0x00,0xFC,0x3F,0xC0,0x3F,0xFF,
0xF0,0x3F,0xC0,0x03,0xFF,0xC0,0x0F,0x00,0x00,0x00,0x00,0x00,0x00,0x00,0x00,0x00,
0x00,0x00,0x00,0x00,0x00,0x00,0x00,0x00,0x00,0x00,0x00,0x00,0x00,0x00,0x00,0x00,
0x00,0x00,0x00,0x00,0x00,0x00,0x00,0x00,0x00,0x00,0x00,0x00,0x00,0x00,0x00,0x00,
0x00,0x00,0x00,0x00,0x2C,0x00,0x00,0x00,0x0F,0x00,0x1F,0xAA,0xAA,0xAA,0xAA,0xAA,
0xAA,0xAA,0xAA,0xAF,0xEA,0xAA,0xFF,0x00,0x00,0x00,0x03,0xF0,0x00,0x00,0xFC,0x00,
0x00,0x00,0x00,0x00,0x0C,0x00,0x00,0x00,0x03,0x00,0x00,0x00,0x00,0xFF,0x00,0x3F,
0x0F,0xC0,0x3F,0xFF,0xF0,0xFF,0xC0,0x0F,0xF4,0x00,0x3C,0x00,0x00,0x00,0x04,0x00,
0x00,0x00,0x00,0x00,0x00,0x00,0x00,0x00,0x00,0x00,0x00,0x00,0x00,0x00,0x00,0x00,
0x00,0x00,0x00,0x00,0x00,0x00,0x00,0x00,0x00,0x00,0x00,0x00,0x00,0x00,0x00,0x00,
0x00,0x00,0x00,0x00,0x00,0x00,0x00,0x00,0x2C,0x00,0x00,0x00,0x03,0xC0,0x3F,0xAA,
0xAA,0xAA,0xAE,0xAA,0xAA,0xBF,0xAA,0xBF,0xAA,0xBF,0xFC,0x00,0x00,0x00,0x03,0xC0,
0x00,0x00,0x3F,0x00,0x00,0x00,0x00,0x00,0x00,0x00,0x30,0x00,0x03,0xC0,0x00,0x00,
0x00,0x3F,0xF0,0x3F,0xCF,0xF0,0xFF,0xFF,0xC3,0xFF,0x00,0xFF,0xC0,0x00,0x70,0x00,
0x00,0x00,0x30,0x00,0x00,0x00,0x00,0x00,0x00,0x00,0x00,0x00,0x00,0x00,0x00,0x00,
0x00,0x00,0x00,0x00,0x00,0x00,0x00,0x00,0x00,0x00,0x00,0x00,0x00,0x00,0x00,0x00,
0x00,0x00,0x00,0x00,0x00,0x00,0x00,0x00,0x00,0x00,0x00,0x00,0x2C,0x00,0x00,0x00,
0x03,0xC0,0x3E,0xAA,0xAA,0xAA,0xAA,0xBF,0xEB,0xEE,0xAB,0xFA,0xAA,0xFF,0x00,0x00,
0x00,0x00,0x00,0xFC,0x00,0x00,0x03,0xFC,0x00,0x00,0x00,0x00,0x00,0x00,0x3C,0x03,
0xC3,0xC0,0x00,0x0F,0xFF,0xC3,0xFF,0x0F,0xC3,0xF0,0xFF,0xFF,0xC3,0xFF,0x03,0xFC,
0x00,0x00,0xC0,0x00,0x00,0x00,0xC0,0x00,0x00,0x00,0x00,0x00,0x00,0x00,0x00,0x00,
0x00,0x00,0x00,0x00,0x00,0x00,0x00,0x00,0x00,0x00,0x00,0x00,0x00,0x00,0x00,0x00,
0x00,0x00,0x00,0x00,0x00,0x00,0x00,0x00,0x00,0x00,0x00,0x00,0x00,0x00,0x00,0x00,
0x2C,0x00,0x00,0x00,0xC0,0xF0,0xFE,0xAA,0xAA,0xAE,0xAA,0xAA,0xAA,0xAA,0xAA,0xAA,
0xAB,0xF0,0x00,0x00,0x00,0x00,0x00,0x3F,0x00,0x00,0x00,0xFF,0xF0,0x00,0x00,0x00,
0x00,0x00,0x0F,0xC0,0xF0,0xF0,0x00,0x3F,0xFF,0xFC,0x3F,0xC3,0xF3,0xF0,0xFF,0xFF,
0xCF,0xFC,0x0F,0xF0,0x00,0x02,0x00,0x00,0x00,0x03,0x00,0x00,0x00,0x00,0x00,0x00,
0x00,0x00,0x06,0x00,0x00,0x00,0x00,0x00,0x00,0x00,0x00,0x00,0x00,0x00,0x00,0x00,
0x00,0x00,0x00,0x00,0x00,0x00,0x00,0x00,0x00,0x00,0x00,0x00,0x00,0x00,0x00,0x00,
0x00,0x00,0x00,0x00,0x2C,0x00,0x00,0x00,0xF0,0x3C,0xFE,0xAA,0xAA,0xAA,0xAA,0xAA,
0xAF,0xEA,0xAA,0xAA,0xAF,0xF0,0x00,0x00,0x00,0x00,0x00,0x03,0xF0,0x00,0x00,0x03,
0xFC,0x00,0xF0,0x0F,0xFF,0x00,0x03,0xF0,0xFC,0xF0,0x00,0xFF,0xFF,0xFF,0xCF,0xF0,
0xFF,0xF7,0xFF,0xFF,0xCF,0xFC,0x7F,0xF0,0x00,0x0F,0xFF,0xC0,0x00,0x03,0x00,0x00,
0x00,0x00,0x00,0x00,0x00,0x00,0x0B,0x00,0x00,0x00,0x00,0x00,0x00,0x00,0x00,0x00,
0x00,0x00,0x00,0x00,0x00,0x00,0x00,0x00,0x00,0x00,0x00,0x00,0x00,0x00,0x00,0x00,
0x00,0x00,0x00,0x00,0x00,0x00,0x00,0x00,0x2C,0x00,0x00,0x00,0x3C,0x3C,0x3F,0xAA,
0xAA,0xAA,0xAE,0xAA,0xFE,0xAA,0xAA,0xAA,0xBF,0xD0,0x00,0x00,0x00,0x00,0x00,0x00,
0xFF,0x00,0x00,0x00,0x3F,0x00,0xF0,0xFF,0xFF,0xF0,0xFF,0xFC,0x3C,0x3C,0x03,0xFF,
0xFF,0xFF,0xFF,0xFD,0xFF,0xFF,0xFF,0xFF,0x3F,0xF1,0xFF,0xC0,0x3F,0xFF,0xFF,0xFC,
0x00,0x0C,0x00,0xC0,0x00,0x00,0x00,0x00,0x00,0x00,0x00,0x00,0x00,0x00,0x00,0x00,
0x00,0x00,0x00,0x00,0x00,0x00,0x00,0x00,0x00,0x00,0x00,0x00,0x00,0x00,0x00,0x00,
0x00,0x00,0x00,0x00,0x00,0x00,0x00,0x00,0x00,0x00,0x00,0x00,0x2C,0x00,0x00,0x00,
0x03,0x0C,0x0F,0xFA,0xAA,0xAA,0xAA,0xAA,0xAA,0xAA,0xAA,0xAA,0xFF,0xC0,0x00,0x00,
0x00,0x00,0x00,0x00,0x0F,0xFF,0x00,0x00,0x03,0xCC,0xF3,0xFF,0xFF,0xFC,0x3C,0x3F,
0x3F,0x3C,0x03,0xFF,0xFF,0xFF,0xFF,0xFF,0xFF,0xFF,0xFF,0xFF,0x3F,0xC3,0xF3,0xCF,
0xFF,0xFF,0xF0,0x00,0x00,0x30,0x0F,0x00,0x00,0x00,0x00,0x00,0x00,0x00,0x00,0x00,
0x00,0x00,0x00,0x00,0x00,0x00,0x00,0x00,0x00,0x00,0x00,0x00,0x00,0x00,0x00,0x00,
0x00,0x00,0x00,0x00,0x00,0x00,0x00,0x00,0x00,0x00,0x00,0x00,0x00,0x00,0x00,0x00,
0x2C,0x00,0x00,0x00,0xFF,0xFF,0xC3,0xFE,0xAA,0xAA,0xAA,0xAA,0xAA,0xAA,0xAA,0xAB,
0xFF,0xC0,0x00,0x00,0x00,0x00,0x00,0x00,0x00,0xFF,0xF0,0x00,0x03,0xFF,0xFF,0xFF,
0xFF,0xFF,0x00,0x0F,0xFF,0x3E,0x33,0xFF,0xFF,0xFF,0xFF,0xFF,0xFF,0xFF,0xFF,0xFC,
0xFF,0xCF,0xF3,0xFF,0xFF,0xFF,0xFF,0x0F,0xC0,0x30,0x0C,0x00,0x00,0x00,0x00,0x00,
0x00,0x00,0x00,0x00,0x00,0x00,0x00,0x00,0x00,0x00,0x00,0x00,0x00,0x00,0x00,0x00,
0x00,0x00,0x00,0x00,0x00,0x00,0x00,0x00,0x00,0x00,0x00,0x00,0x00,0x00,0x00,0x00,
0x00,0x00,0x00,0x00,0x2C,0x00,0x00,0x00,0xFF,0xFF,0xFF,0xFF,0xFF,0xEA,0xAA,0xAA,
0xAF,0xFF,0xAA,0xBF,0xFF,0xC0,0x00,0x00,0x00,0x00,0x00,0x00,0x00,0x01,0xFC,0x00,
0x03,0xFF,0xFF,0xFF,0xFF,0xFF,0xF0,0x03,0xFF,0xFF,0xFF,0xFF,0xFF,0xFF,0xFF,0xFF,
0xFF,0xFF,0xFF,0xFC,0xFF,0x7F,0xCF,0xFF,0xFF,0xFF,0xFF,0xCF,0xC0,0x40,0x30,0x00,
0x00,0x3C,0x00,0x00,0x00,0x00,0x00,0x00,0x00,0x00,0x00,0x00,0x00,0x00,0x00,0x00,
0x00,0x00,0x00,0x00,0x00,0x00,0x00,0x00,0x00,0x00,0x00,0x00,0x00,0x00,0x00,0x00,
0x00,0x00,0x00,0x00,0x00,0x00,0x00,0x00,0x2C,0x00,0x00,0x00,0xFF,0xFF,0xFF,0xFF,
0xFF,0xFA,0xAA,0xAA,0xFF,0xFF,0xFF,0xFF,0xFF,0x00,0x00,0x00,0x00,0x00,0x00,0x00,
0x00,0x00,0x3F,0x00,0x03,0xFF,0xFF,0xFF,0xFF,0xFF,0xFC,0xFF,0xFF,0xFF,0xFF,0xFF,
0xFF,0xFF,0xFF,0xFF,0xFF,0xFF,0xFF,0xFF,0xF3,0xFF,0xFF,0xFF,0xFF,0xFF,0xFF,0xC0,
0x03,0xFF,0xF0,0x00,0x00,0xFC,0x00,0x00,0x00,0x00,0x00,0x00,0x00,0x00,0x00,0x00,
0x00,0x00,0x00,0x00,0x00,0x00,0x00,0x00,0x00,0x00,0x00,0x00,0x00,0x00,0x00,0x00,
0x00,0x00,0x00,0x00,0x00,0x00,0x00,0x00,0x00,0x00,0x00,0x80,0x2C,0x00,0x00,0x00,
0xFF,0xFF,0xFF,0xFF,0xFF,0xFF,0xAA,0xAF,0xFF,0xFF,0xFF,0xFF,0xFF,0xC0,0x00,0x00,
0x00,0x00,0x00,0x00,0x00,0x00,0x0F,0xC0,0x3F,0xFF,0xFF,0xFF,0xFF,0xFF,0xFF,0xFF,
0xFF,0xFF,0xFF,0xFF,0xFF,0xFF,0xFF,0xFF,0xFF,0xFF,0xFF,0xFF,0xFF,0xFF,0xFF,0xFF,
0xFF,0xFF,0xFF,0xFC,0x1F,0xFF,0xFF,0x40,0x03,0xC0,0x0F,0x00,0x00,0x00,0x00,0x00,
0x00,0x00,0x00,0x00,0x00,0x00,0x00,0x00,0x00,0x00,0x00,0x00,0x00,0x00,0x00,0x00,
0x00,0x00,0x00,0x00,0x00,0x00,0x00,0x00,0x00,0x00,0x00,0x00,0x00,0x00,0x03,0xC0,
0x2C,0x00,0x00,0x00,0xFF,0xFF,0xFF,0xFF,0xFF,0xFF,0xFF,0xFF,0xFF,0xFF,0xFF,0xFF,
0xFF,0xC0,0x00,0x00,0x00,0x00,0x00,0x00,0x00,0x00,0x03,0xFF,0xFF,0xFF,0xFF,0xFF,
0xFF,0xFF,0xFF,0xFF,0xFF,0xFF,0xFF,0xFF,0xFF,0xFF,0xFF,0xFF,0xFF,0xFF,0xFF,0xFF,
0xFF,0xFF,0xFF,0x3F,0xFF,0xFF,0xFF,0xFC,0xFF,0xFF,0xFF,0xFC,0x0F,0x00,0x3C,0x00,
0x00,0x00,0x01,0x00,0x00,0x00,0x00,0x00,0x00,0x00,0x00,0x00,0x00,0x00,0x00,0x00,
0x00,0x00,0x00,0x00,0x00,0x00,0x00,0x00,0x00,0x00,0x00,0x00,0x00,0x00,0x00,0x00,
0x00,0x00,0x0A,0x00,0x2C,0x00,0x00,0x00,0xFF,0xFF,0xFF,0xFF,0xFF,0xFF,0xFF,0xFF,
0xFF,0xFF,0xFF,0xFF,0xFF,0xF0,0x00,0x00,0x00,0x00,0x00,0x00,0x00,0x00,0x03,0xFF,
0xFF,0xFF,0xFF,0xFF,0xFF,0xFF,0xFF,0xFF,0xFF,0xFF,0xFF,0xFF,0xFF,0xFF,0xFF,0xFF,
0xFF,0xFF,0xFF,0xFF,0xFF,0xFF,0xFF,0xFF,0xFF,0xFF,0xFF,0xF0,0xFF,0xFF,0xFF,0xFF,
0x0F,0x00,0xF0,0x00,0x00,0x00,0x0A,0x00,0x00,0x00,0x00,0x00,0x00,0x00,0x00,0x00,
0x00,0x00,0x00,0x00,0x00,0x00,0x00,0x00,0x00,0x00,0x00,0x00,0x00,0x00,0x00,0x00,
0x00,0x00,0x00,0x00,0x00,0x00,0x38,0x00,0x2C,0x00,0x00,0x00,0xFF,0xFF,0xFF,0xFF,
0xFF,0xFF,0xFF,0xFF,0xFF,0xFF,0xFF,0xFF,0xFF,0xFF,0xFF,0xFC,0x80,0x00,0x00,0x00,
0x00,0x00,0x0F,0xFF,0xFF,0xFF,0xFF,0xFF,0xFF,0xFF,0xFF,0xFF,0xFF,0xFF,0xFF,0xFF,
0xFF,0x03,0xFF,0xFF,0xFF,0xFF,0xFF,0xFF,0xFF,0xFF,0xFF,0xFF,0xFF,0xFF,0xFF,0x00,
0xFF,0xFF,0xFF,0xFF,0xC0,0x03,0xC0,0x00,0x00,0x00,0x02,0x00,0x00,0x00,0x00,0x00,
0x00,0x00,0x00,0x00,0x00,0x00,0x00,0x00,0x00,0x00,0x00,0x00,0x00,0x00,0x00,0x00,
0x00,0x00,0x00,0x00,0x00,0x00,0x00,0x00,0x00,0x00,0xE0,0x00,0x2C,0x00,0x00,0x00,
0x34,0xFF,0xFF,0xFF,0xFF,0xFF,0xFF,0xFF,0xFF,0xFF,0xFF,0xFF,0xFF,0xFF,0xFF,0xFF,
0xFF,0xFF,0x00,0x00,0x00,0x0F,0xFF,0xFF,0xFF,0xFF,0xFF,0xFF,0xFF,0xFF,0xFF,0xFF,
0xFF,0xFF,0xFF,0xFF,0xFF,0xFC,0xFF,0xFF,0xFF,0xFF,0xFF,0xFF,0xFF,0xFF,0xFF,0xFF,
0xCF,0xFF,0xFF,0x00,0x3F,0xFF,0xFF,0xFF,0xF0,0x00,0x03,0x00,0x00,0x00,0x00,0x00,
0x00,0x00,0x00,0x00,0x00,0x00,0x00,0x00,0x00,0x00,0x00,0x00,0x00,0x00,0x00,0x00,
0x00,0x00,0x00,0x00,0x00,0x00,0x00,0x00,0x00,0x00,0x00,0x00,0x00,0x02,0x80,0x20,
0x1C,0x00,0x00,0x00,0xFF,0xFF,0xFF,0xFF,0xFF,0xFF,0xFF,0xFF,0xFF,0xFF,0xFF,0xFF,
0xFF,0xFF,0xFF,0xFF,0xFF,0xFF,0xFF,0xFF,0xFF,0xFF,0xFF,0xFF,0xFF,0xFF,0xFF,0xFF,
0xFF,0xFF,0xFF,0xFF,0xFF,0xFF,0xFF,0xFF,0xFF,0xFF,0xFF,0xFF,0xFF,0xFF,0xFF,0xFF,
0xFF,0xFF,0xFF,0xFF,0xF3,0xFF,0xFC,0x00,0x3F,0xFF,0xFF,0xFF,0xC0,0x00,0x03,0x00,
0x00,0x00,0x00,0x00,0x00,0x00,0x00,0x00,0x00,0x00,0x00,0x00,0x00,0x00,0x00,0x00,
0x00,0x00,0x00,0x00,0x00,0x00,0x00,0x00,0x00,0x00,0x00,0x00,0x00,0x00,0x00,0x00,
0x00,0x0E,0x00,0xE0,0x2C,0x00,0x00,0x00,0xFF,0xFF,0xFF,0xFF,0xFF,0xFF,0xFF,0xFF,
0xFF,0xFF,0xFF,0xFF,0xFF,0xFF,0xFF,0xFF,0xFF,0xFF,0xFF,0xFF,0xFF,0xFF,0xFF,0xFF,
0xFF,0xFF,0xFF,0xFF,0xFF,0xFF,0xFF,0xFF,0xFF,0xFF,0xFF,0xFF,0xFF,0xFF,0xFF,0xFF,
0xFF,0xFF,0xFF,0xFF,0xFF,0xFF,0xFF,0xFF,0xC0,0x00,0x00,0x00,0x0F,0xFF,0xFF,0xFF,
0xC0,0x00,0x00,0x00,0x00,0x00,0x00,0x00,0x00,0x00,0x00,0x00,0x00,0x00,0x00,0x00,
0x00,0x00,0x00,0x00,0x00,0x00,0x00,0x00,0x00,0x00,0x00,0x00,0x00,0x00,0x00,0x00,
0x00,0x00,0x00,0x00,0x00,0x2C,0x03,0x40,0x2C,0x00,0x00,0x00,0x0C,0xCF,0xFF,0xFF,
0xFF,0xFF,0xFF,0xFF,0xFF,0xFF,0xFF,0xFF,0xFF,0xFF,0xFF,0xFF,0xFF,0xFF,0xFF,0xFF,
0xFF,0xFF,0xFF,0xFF,0xFF,0xFF,0xFF,0xFF,0xFF,0xFF,0xFF,0xFF,0xFF,0xFF,0xFF,0xFF,
0xFF,0xFF,0xFF,0xFF,0xFF,0xFF,0xFF,0xFF,0xFF,0xFF,0xFF,0xFF,0xFC,0xFF,0x00,0x00,
0x00,0xFF,0xFF,0xFC,0x00,0x00,0x00,0x00,0x00,0x00,0x00,0x00,0x00,0x00,0x00,0x00,
0x00,0x00,0x00,0x00,0x00,0x00,0x00,0x00,0x00,0x00,0x00,0x00,0x00,0x00,0x00,0x00,
0x00,0x00,0x00,0x00,0x00,0x00,0x00,0x00,0x00,0xE0,0x0D,0x00,0x1C,0x00,0x00,0x00,
0xFF,0xFF,0xFF,0xFF,0xFF,0xFF,0xFF,0xFF,0xFF,0xFF,0xFF,0xFF,0xFF,0xFF,0xFF,0xFF,
0xFF,0xFF,0xFF,0xFF,0xFF,0xFF,0xFF,0xFF,0xFF,0xFF,0xFF,0xFF,0xFF,0xFF,0xFF,0xFF,
0xFF,0x4F,0xFF,0xFF,0xFF,0xFF,0xFF,0xFF,0xFF,0xFF,0xFF,0xFF,0xFF,0xFF,0xFF,0xFF,
0xFF,0xFF,0xFF,0x00,0x00,0x00,0x00,0x00,0x00,0x00,0x00,0x00,0x00,0x00,0x00,0x00,
0x00,0x00,0x00,0x00,0x00,0x00,0x00,0x00,0x00,0x00,0x00,0x00,0x00,0x00,0x00,0x00,
0x00,0x00,0x00,0x00,0x00,0x00,0x00,0x00,0x00,0x00,0x00,0x00,0x02,0x80,0x28,0x00,
0x08,0x00,0x00,0x00,0xFF,0xFF,0xFF,0xFF,0x30,0xDF,0xFF,0xFF,0xFF,0xFF,0xFF,0xFF,
0xFF,0xFF,0xFF,0xFF,0xFF,0xFF,0xFF,0xFF,0xFF,0xFF,0xFF,0xFF,0xFF,0xFF,0xFF,0xFF,
0xFF,0xFF,0xFF,0xFF,0xFF,0xFF,0xFF,0xFF,0xFF,0xFF,0xFF,0xFF,0xFF,0xFF,0xFF,0xFF,
0xFF,0xFF,0xFF,0xFC,0x03,0xFF,0xFF,0xF0,0x00,0x00,0x00,0x00,0x00,0x00,0x00,0x00,
0x00,0x00,0x02,0x00,0x00,0x00,0x00,0x00,0x00,0x00,0x00,0x00,0x00,0x00,0x00,0x00,
0x00,0x00,0x00,0x00,0x00,0x00,0x00,0x00,0x00,0x00,0x00,0x00,0x00,0x00,0x00,0x00,
0x0F,0x00,0x86,0x00,0x2C,0x00,0x00,0x00,0x00,0x03,0xFF,0xFF,0xFF,0xFF,0xFF,0xFF,
0xFF,0xFF,0xFF,0xFF,0xFF,0xFF,0xFF,0xFF,0xFF,0xFF,0xFF,0xFF,0xFF,0xFF,0xFF,0xFF,
0xFF,0xFF,0xFF,0xFF,0xFF,0xFF,0xFF,0xFF,0xFF,0xFF,0xFF,0xFF,0xFF,0xFF,0xFF,0xFF,
0xFF,0xFF,0xFF,0xFF,0xFF,0xFF,0xFF,0xFF,0xFF,0xFF,0xFF,0xFF,0xC0,0x00,0x00,0x00,
0x00,0x00,0x00,0x00,0x00,0x00,0x06,0x00,0x00,0x00,0x00,0x00,0x00,0x00,0x00,0x00,
0x00,0x00,0x00,0x00,0x00,0x00,0x00,0x00,0x00,0x00,0x00,0x00,0x00,0x00,0x00,0x00,
0x00,0x00,0x00,0x00,0x2C,0x03,0x68,0x00,0x0C,0x00,0x00,0x00,0x0F,0xFF,0xFF,0xFF,
0xFF,0xFF,0xFF,0xFF,0xFF,0xFF,0xFF,0xFF,0xFF,0xFF,0xFF,0xFF,0xFF,0xFF,0xFF,0xFF,
0xFF,0xFF,0xFF,0xFF,0xFF,0xFF,0xFF,0xFF,0xFF,0xFF,0xFF,0xFF,0xFF,0xFF,0xFF,0xFF,
0xFF,0xFF,0xFF,0xFD,0x3F,0xFF,0xFF,0xFF,0xF3,0x00,0x3F,0xFF,0xFF,0xFF,0xFF,0xFF,
0xFC,0x00,0x00,0xFF,0x00,0x00,0x00,0x00,0x00,0x00,0x02,0x00,0x00,0x00,0x00,0x00,
0x00,0x00,0x00,0x00,0x00,0x00,0x0F,0xC0,0x3F,0x00,0x3F,0x03,0xFC,0x0C,0x0F,0x00,
0xFF,0x0C,0x00,0x30,0x30,0x30,0x00,0x00,0xB0,0x0A,0xB0,0x00,0x1C,0x00,0x00,0x00,
0xFF,0xFF,0xFF,0xFF,0xFF,0xFF,0xFF,0xFF,0xFF,0xFF,0xFF,0xFF,0xFF,0xFF,0x04,0xFF,
0xFF,0xFF,0xFF,0xFF,0xFF,0xFF,0xFF,0xFF,0xFF,0xFF,0xFF,0xFF,0xFF,0xFF,0xFF,0xFF,
0xFF,0xFF,0xFF,0xFF,0xFF,0xF0,0x00,0x00,0x3F,0xFF,0x00,0x00,0x00,0x03,0xFF,0xFF,
0xFF,0xFF,0xFF,0xFF,0xFF,0x00,0x0F,0xFF,0xFC,0x00,0x00,0x00,0x00,0x00,0x07,0x00,
0x00,0x00,0x00,0x00,0x00,0x00,0x00,0x00,0x00,0x00,0x3C,0x30,0xC0,0xC0,0xC0,0xC3,
0x0F,0x0C,0x30,0xC0,0xC3,0x0C,0x00,0xCC,0x0C,0xC0,0x00,0x02,0xC0,0x27,0x80,0x00,
0x2C,0x00,0x00,0x00,0x3F,0xCF,0xFF,0xFF,0xFF,0xFF,0xFF,0xFF,0xFF,0xFF,0xFF,0xFC,
0x3F,0xFF,0xFF,0xFF,0xFF,0xFF,0xFF,0xFF,0xFF,0xFF,0xFF,0xFF,0xFF,0xFF,0xFF,0xFF,
0xFF,0xFF,0xFF,0xFF,0xFF,0xFF,0xFF,0xFF,0xFF,0xFC,0x00,0x0F,0xFF,0xFF,0x00,0x00,
0x03,0x07,0xFF,0xFF,0xFF,0xFF,0xFF,0xFF,0xFF,0xC0,0x1F,0xFF,0xFF,0xF0,0x00,0x00,
0x00,0x00,0x0A,0x00,0x00,0x00,0x00,0x00,0x00,0x00,0x00,0x00,0x00,0x00,0x30,0x00,
0xC0,0xC0,0xC0,0xC3,0x03,0x0C,0x30,0x00,0xC3,0x0C,0x00,0xCC,0x0C,0xC0,0x00,0x0B,
0x00,0x9E,0x00,0x00,0x0C,0x00,0x00,0x00,0x00,0x00,0xFC,0x03,0xFF,0xFF,0xFF,0xFF,
0xFF,0xFD,0xC0,0x0F,0xFF,0xFF,0xFF,0xFF,0xFF,0xFF,0x7F,0xFF,0xFF,0x30,0xFF,0xFF,
0xFF,0xFF,0xFF,0xFF,0xFF,0xFF,0xFF,0xFF,0xFF,0xFF,0xFF,0xFF,0xFF,0xFF,0xC0,0x0F,
0xFF,0xFF,0xF0,0x00,0x03,0x0F,0xFF,0xFF,0xFF,0xFF,0xFC,0xFF,0xFF,0xC0,0x03,0xFF,
0xFF,0xFC,0x00,0x00,0x00,0x00,0x00,0x00,0x00,0x00,0x00,0x00,0x00,0x00,0x00,0x00,
0x00,0x00,0x30,0xF0,0xC0,0xC0,0xC0,0xC3,0x03,0x0C,0x0F,0x00,0xFF,0x0C,0x03,0x03,
0x03,0x00,0x00,0x2C,0x01,0xA0,0x00,0x00,0x0C,0x00,0x00,0x00,0x00,0x00,0x00,0x03,
0xFF,0xFF,0xF0,0x00,0x00,0x00,0x3F,0xFF,0xFF,0xFF,0xFF,0xFF,0xFC,0x7F,0xFF,0x00,
0x00,0x7F,0xFF,0xFF,0xFF,0xFF,0xFF,0xFF,0xFF,0xFF,0xFF,0xFF,0xFF,0xFF,0xFF,0xFF,
0xFF,0xFF,0xFC,0x00,0x3F,0xFF,0xFC,0x00,0x00,0x03,0xFF,0xFF,0xFF,0xFF,0xFF,0x0F,
0x00,0x00,0x00,0x0F,0xFF,0xFF,0x00,0x00,0x00,0x00,0x00,0x00,0x00,0x00,0x00,0x00,
0x00,0x00,0x00,0x00,0x00,0x00,0x30,0x30,0xC0,0xC0,0xC0,0xC3,0x03,0x0C,0x00,0xC0,
0xC0,0x0C,0x03,0xFF,0x03,0x00,0x00,0x70,0x0A,0xC0,0x00,0x00,0x1C,0x00,0x00,0x00,
0x00,0x00,0x00,0x00,0xF0,0x00,0x00,0x00,0x00,0xFF,0xFF,0xFF,0xFF,0xFF,0xFF,0xFF,
0xFF,0xF0,0x00,0x03,0xFF,0xFF,0xFF,0xFF,0xFC,0x00,0x0F,0xFF,0xFF,0xFF,0xFF,0xFF,
0xFF,0xFF,0xFF,0xFF,0xFF,0xFF,0xFF,0xC0,0x00,0xFF,0xFC,0x00,0x00,0x00,0x3F,0xFF,
0xFF,0xFF,0xFF,0x00,0x00,0x00,0x00,0x00,0x00,0x3C,0x00,0x00,0x00,0x00,0x00,0x00,
0x00,0x00,0x00,0x00,0x00,0x00,0x00,0x00,0x00,0x00,0x3C,0x30,0xC0,0xC0,0xC0,0xC3,
0x03,0x0C,0x30,0xC0,0xC0,0x0C,0x03,0x03,0x03,0x00,0x00,0x80,0x0E,0x00,0x38,0x00,
0x0C,0x00,0x00,0x00,0x00,0x00,0x00,0x00,0x00,0x00,0x00,0x00,0x00,0xFF,0xFF,0xF7,
0x01,0x0F,0x73,0x00,0x00,0x00,0x0F,0xFF,0xFC,0xFF,0xFF,0xFF,0x00,0x00,0x00,0x0F,
0xFF,0xC0,0xFF,0xFF,0xFF,0xFF,0xFF,0xCF,0xFF,0xFF,0xFF,0xFC,0x00,0x03,0xF0,0x00,
0x00,0x00,0x00,0x3F,0xFF,0xFF,0xFF,0x00,0x00,0x00,0x00,0x00,0x00,0x00,0x00,0x00,
0x00,0x00,0x00,0x00,0x00,0x00,0x00,0x00,0x00,0x00,0x00,0x00,0x00,0x00,0x0F,0xC0,
0x3F,0x00,0x3F,0x03,0xFC,0x0C,0x0F,0x00,0xC0,0x0F,0xFC,0x00,0xC3,0x00,0x03,0x40,
0x38,0x00,0xB0,0x00,0x0C,0x00,0x00,0x00,0x00,0x00,0x00,0x00,0x00,0x00,0x00,0x00,
0x00,0x00,0x00,0x00,0xD3,0x00,0x00,0x00,0x00,0x0F,0xFF,0xF0,0x1F,0xFF,0xFF,0xC0,
0x00,0x00,0x3F,0xFF,0xFF,0xC0,0x00,0xFF,0xFF,0xFF,0xFC,0x00,0xFF,0xFF,0xFF,0xFF,
0xC0,0x00,0x00,0x00,0x00,0x00,0x00,0x00,0x00,0x3F,0x00,0x00,0x00,0x00,0x00,0x00,
0x00,0x00,0x00,0x00,0x00,0x00,0x02,0x00,0x00,0x00,0x00,0x00,0x00,0x00,0x00,0x00,
0x00,0x00,0x00,0x00,0x00,0x00,0x00,0x00,0x00,0x00,0x00,0x00,0x00,0x00,0x00,0x00,
0x00,0x00,0x08,0x00,0xE0,0x00,0x00,0x00,0x00,0x00,0x00,0x00,0x00,0x00,0x00,0x00,
0x00,0x00,0x00,0x00,0x00,0x00,0x00,0x00,0x00,0x00,0x00,0x00,0x00,0x3F,0xF0,0x03,
0xFF,0xFF,0xF4,0x00,0x00,0x2F,0xFF,0xFF,0xFC,0x00,0x03,0xFF,0xFF,0xFF,0xFF,0xF0,
0x03,0xFF,0xFF,0xFF,0xF0,0x00,0x00,0x00,0x00,0x00,0x00,0x00,0x00,0x00,0x00,0x00,
0x00,0x00,0x00,0x00,0x00,0x00,0x00,0x00,0x00,0x00,0x03,0x80,0x00,0x00,0x00,0x00,
0x00,0x00,0x00,0x00,0x00,0x00,0x00,0x00,0x00,0x00,0x00,0x00,0x00,0x00,0x00,0x00,
0x00,0x00,0x00,0x00,0x00,0x00,0x00,0x00,0x00,0x00,0x00,0x00,0x00,0x00,0x00,0x00,
0x00,0x00,0x00,0x00,0x00,0x00,0x00,0x00,0x00,0x00,0x00,0x00,0x00,0x00,0x00,0x00,
0x00,0x00,0x03,0xFF,0xFF,0xF4,0x00,0x00,0x0F,0xFF,0xFF,0xFD,0x00,0x00,0x0F,0xFF,
0xFF,0xFF,0xFF,0xFF,0x00,0xFF,0xFF,0xFF,0xF0,0x00,0x00,0x00,0x00,0x00,0x00,0x00,
0x00,0x00,0x00,0x00,0x00,0x00,0x00,0x00,0x00,0x00,0x00,0x00,0x00,0x00,0x00,0xC0,
0x00,0x00,0x00,0x00,0x00,0x00,0x00,0x00,0x00,0x00,0x00,0x00,0x00,0x00,0x00,0x00,
0x00,0x00,0x00,0x00,0x00,0x00,0x00,0x00,0x00,0x00,0x00,0x00,0x00,0x00,0x00,0x00,
0x20,0x00,0x00,0x00,0x00,0x00,0x00,0x00,0x00,0x00,0x00,0x00,0x00,0x00,0x00,0x00,
0x00,0x00,0x00,0x00,0x00,0x00,0xFF,0xFF,0xF0,0x00,0x00,0x03,0xFF,0xFF,0xFF,0xC0,
0x00,0x00,0xFF,0xFF,0xFF,0xFF,0xFF,0xFC,0x00,0x0F,0xFF,0xFF,0xF0,0x00,0x00,0x00,
0x00,0x00,0x00,0x00,0x00,0x00,0x00,0x00,0x00,0x00,0x00,0x00,0x00,0x00,0x00,0x00,
0x00,0x00,0x00,0x00,0x00,0x00,0x00,0x00,0x00,0x00,0x00,0x00,0x00,0x00,0x00,0x00,
0x00,0x00,0x00,0x00,0x00,0x00,0x00,0x00,0x00,0x00,0x00,0x00,0x00,0x00,0x00,0x00,
0x00,0x00,0x00,0x00,0x00,0x00,0x00,0x00,0x00,0x00,0x00,0x00,0x00,0x00,0x00,0x00,
0x00,0x00,0x00,0x00,0x00,0x00,0x00,0x00,0x00,0x03,0xFF,0xC0,0x00,0x00,0x00,0x3F,
0xFF,0xFF,0xC0,0x00,0x00,0x03,0xFF,0xFF,0xFF,0xFF,0xFF,0xC0,0x00,0x03,0xFF,0xFF,
0x00,0x00,0x00,0x00,0x00,0x00,0x00,0x00,0x00,0x00,0x00,0x00,0x00,0x00,0x00,0x00,
0x00,0x00,0x00,0x00,0x00,0x00,0x00,0x0A,0x90,0x00,0x00,0x00,0x00,0x00,0x00,0x01,
0xBB,0xBF,0xBF,0xFF,0xBB,0xAA,0x80,0x00,0x00,0x00,0x00,0x00,0x00,0x00,0x00,0x04,
0x26,0xAA,0xAA,0x88,0x44,0x01,0x12,0x6F,0x00,0x00,0x00,0x00,0x00,0x00,0x00,0x00,
0x00,0x00,0x00,0x00,0x00,0x00,0x00,0x00,0x00,0x00,0x00,0x00,0x00,0x00,0x00,0x00,
0x00,0x00,0x00,0x3F,0xFF,0xC0,0x00,0x00,0x00,0x0F,0xFF,0xFF,0xFF,0xFF,0xFC,0x00,
0x00,0x00,0x3F,0x00,0x00,0x00,0x00,0x00,0x00,0x00,0x00,0x00,0x00,0x00,0x00,0x00,
0x00,0x00,0x00,0x00,0x00,0x00,0x00,0x00,0x00,0x00,0x00,0x02,0xFF,0xE0,0x02,0xB8,
0x02,0xBA,0x00,0xFB,0xE9,0x10,0x00,0x00,0x6A,0xBF,0xEF,0xFE,0xEE,0xAA,0x9A,0xAA,
0xAA,0xAE,0xFF,0xFF,0xFF,0xFF,0xFF,0xFF,0xFF,0xFF,0xFF,0xF8,0x00,0x00,0x00,0x00,
0x00,0x00,0x00,0x00,0x00,0x00,0x00,0x00,0x00,0x00,0x00,0x00,0x00,0x00,0x00,0x00,
0x00,0x00,0x00,0x00,0x00,0x00,0x00,0x03,0xC0,0x00,0x00,0x00,0x00,0x3F,0xFF,0xFF,
0xFF,0xFF,0xC0,0x00,0x00,0x00,0x00,0x00,0x00,0x00,0x00,0x00,0x00,0x00,0x00,0x00,
0x00,0x00,0x00,0x00,0x00,0x00,0x00,0x00,0x00,0x00,0x00,0x00,0x00,0x00,0x00,0x00,
0x00,0x00,0x01,0x90,0x02,0x64,0x00,0x00,0x00,0x00,0x00,0x00,0x00,0x00,0x00,0x0A,
0xAB,0xEF,0xEF,0xBF,0xFF,0xBA,0xAA,0x60,0x00,0x00,0x00,0x00,0x02,0x11,0x00,0x00,
0x00,0x00,0x00,0x00,0x00,0x00,0x00,0x00,0x00,0x00,0x00,0x00,0x00,0x00,0x00,0x00,
0x00,0x00,0x00,0x00,0x00,0x00,0x00,0x00,0x00,0x00,0x00,0x00,0x00,0x00,0x00,0x00,
0x00,0x0F,0xFF,0xFF,0xFF,0xFC,0x00,0x00,0x00,0x00,0x00,0x00,0x00,0x00,0x00,0x00,
0x00,0x00,0x00,0x00,0x00,0x00,0x00,0x00,0x00,0x00,0x00,0x00,0x00,0x00,0x00,0x00,
0x00,0x00,0x00,0x00,0x00,0x00,0x00,0x00,0x00,0x00,0x00,0x00,0x00,0x00,0x00,0x00,
0x00,0x00,0x00,0x00,0x00,0x00,0x00,0x00,0x00,0x00,0x00,0x00,0x00,0x00,0x00,0x00,
0x00,0x00,0x00,0x00,0x00,0x00,0x00,0x00,0x00,0x00,0x00,0x00,0x00,0x00,0x00,0x00,
0x00,0x00,0x00,0x00,0x00,0x00,0x00,0x00,0x00,0x00,0x00,0x00,0x00,0x00,0x00,0x00,
0x00,0x00,0x00,0x00,0x00,0x0F,0xFF,0xFC,0xF7,0x00,0x00,0x00,0x00,0x00,0x00,0x00,
0x00,0x00,0x00,0x00,0x00,0x00,0x00,0x00,0x00,0x00,0x00,0x00,0x00,0x00,0x00,0x00,
0x00,0x00,0x00,0x00,0x00,0x00,0x00,0x00,0x00,0x00,0x00,0x00,0x00,0x00,0x00,0x00,
0x00,0x00,0x00,0x00,0x00,0x00,0x00,0x00,0x00,0x00,0x00,0x00,0x00,0x00,0x00,0x00,
0x00,0x00,0x00,0x00,0x00,0x00,0x00,0x00,0x00,0x00,0x00,0x00,0x00,0x00,0x00,0x00,
0x00,0x00,0x00,0x00,0x00,0x00,0x00,0x00,0x00,0x00,0x00,0x00,0x00,0x00,0x00,0x00,
0x00,0x00,0x00,0x00,0x00,0x00,0x00,0x00,0x00,0x00,0x00,0x00,0x00,0x00,0x00,0x00,
0x00,0x00,0x00,0x00,0x00,0x00,0x00,0x00,0x00,0x00,0x00,0x00,0x00,0x00,0x00,0x00,
0x00,0x00,0x00,0x00,0x00,0x00,0x00,0x00,0x00,0x00,0x00,0x00,0x00,0x00,0x00,0x00,
0x00,0x00,0x00,0x00,0x00,0x00,0x00,0x00,0x00,0x00,0x00,0x00,0x00,0x00,0x00,0x00,
0x00,0x00,0x00,0x00,0x00,0x00,0x00,0x00,0x00,0x00,0x00,0x00,0x00,0x00,0x00,0x00,
0x00,0x00,0x00,0x00,0x00,0x00,0x00,0x00,0x00,0x00,0x00,0x00,0x00,0x00,0x00,0x00,
0x00,0x00,0x00,0x00,0x00,0x00,0x00,0x00,0x00,0x00,0x00,0x00,0x00,0x00,0x00,0x00,
0x00,0x00,0x00,0x00,0x00,0x00,0x00,0x00,0x00,0x00,0x00,0x00,0x00,0x00,0x00,0x00,
0x00,0x00,0x00,0x00,0x00,0x00,0x00,0x00,0x00,0x00,0x00,0x00,0x00,0x00,0x00,0x00,
0x00,0x00,0x00,0x00,0x00,0x00,0x00,0x00,0x00,0x00,0x00,0x00,0x00,0x00,0x00,0x00,
0x00,0x00,0x00,0x00,0x00,0x00,0x00,0x00,0x00,0x00,0x00,0x00,0x00,0x00,0x00,0x00,
0x00,0x00,0x00,0x00,0x00,0x00,0x00,0x00,0x00,0x00,0x00,0x00,0x00,0x00,0x00,0x00,
0x00,0x00,0x00,0x00,0x00,0x00,0x00,0x00,0x00,0x00,0x00,0x00,0x00,0x00,0x00,0x00,
0x00,0x00,0x00,0x00,0x00,0x00,0x00,0x00,0x00,0x00,0x00,0x00,0x00,0x00,0x00,0x00,
0x00,0x00,0x00,0x00,0x00,0x00,0x00,0x00,0x00,0x00,0x00,0x00,0x00,0x00,0x00,0x00,
0x00,0x00,0x00,0x00,0x00,0x00,0x00,0x00,0x00,0x00,0x00,0x00,0x00,0x00,0x00,0x00,
0x00,0x00,0x00,0x00,0x00,0x00,0x00,0x00,0x00,0x00,0x00,0x00,0x00,0x00,0x00,0x00,
0x00,0x00,0x00,0x00,0x00,0x00,0x00,0x00,0x00,0x00,0x00,0x00,0x00,0x00,0x00,0x00,
0x00,0x00,0x00,0x00,0x00,0x00,0x00,0x00,0x00,0x00,0x00,0x00,0x00,0x00,0x00,0x00,
0x00,0x00,0x00,0x00,0x00,0x00,0x00,0x00,0x00,0x00,0x00,0x00,0x00,0x00,0x00,0x00,
0x00,0x00,0x00,0x00,0x00,0x00,0x00,0x00,0x00,0x00,0x00,0x00,0x00,0x00,0x00,0x00,
0x00,0x00,0x00,0x00,0x00,0x00,0x00,0x00,0x00,0x00,0x00,0x00,0x00,0x00,0x00,0x00,
0x00,0x00,0x00,0x00,0x00,0x00,0x00,0x00,0x00,0x00,0x00,0x00,0x00,0x00,0x00,0x00,
0x00,0x00,0x00,0x00,0x00,0x00,0x00,0x00,0x00,0x00,0x00,0x00,0x00,0x00,0x00,0x00,
0x00,0x00,0x00,0x00,0x00,0x00,0x00,0x00,0x00,0x00,0x00,0x00,0x00,0x00,0x00,0x00,
0x00,0x00,0x00,0x00,0x00,0x00,0x00,0x00,0x00,0x00,0x00,0x00,0x00,0x00,0x00,0x00,
0x00,0x00,0x00,0x00,0x00,0x00,0x00,0x00,0x00,0x00,0x00,0x00,0x00,0x00,0x00,0x00,
0x00,0x00,0x00,0x00,0x00,0x00,0x00,0x00,0x00,0x00,0x00,0x00,0x00,0x00,0x00,0x00,
0x00,0x00,0x00,0x00,0x00,0x00,0x00,0x00,0x00,0x00,0x00,0x00,0x00,0x00,0x00,0x00,
0x00,0x00,0x00,0x00,0x00,0x00,0x00,0x00,0x00,0x00,0x00,0x00,0x00,0x00,0x00,0x00,
0x00,0x00,0x00,0x00,0x00,0x00,0x00,0x00,0x00,0x00,0x00,0x00,0x00,0x00,0x00,0x00,
0x00,0x00,0x00,0x00,0x00,0x00,0x00,0x00,0x00,0x00,0x00,0x00,0x00,0x00,0x00,0x00,
0x00,0x00,0x00,0x00,0x00,0x00,0x00,0x00,0x00,0x00,0x00,0x00,0x00,0x00,0x00,0x00,
0x00,0x00,0x00,0x00,0x00,0x00,0x00,0x00,0x00,0x00,0x00,0x00,0x00,0x00,0x00,0x00,
0x00,0x00,0x00,0x00,0x00,0x00,0x00,0x00,0x00,0x00,0x00,0x00,0x00,0x00,0x00,0x00,
0x00,0x00,0x00,0x00,0x00,0x00,0x00,0x00,0x00,0x00,0x00,0x00,0x00,0x00,0x00,0x00,
0x00,0x00,0x00,0x00,0x00,0x00,0x00,0x00,0x00,0x00,0x00,0x00,0x00,0x00,0x00,0x00,
0x00,0x00,0x00,0x00,0x00,0x00,0x00,0x00,0x00,0x00,0x00,0x00,0x00,0x00,0x00,0x00,
0x00,0x00,0x00,0x00,0x00,0x00,0x00,0x00,0x00,0x00,0x00,0x00,0x00,0x00,0x00,0x00,
0x00,0x00,0x00,0x00,0x00,0x00,0x00,0x00,0x00,0x00,0x00,0x00,0x00,0x00,0x00,0x00,
0x00,0x00,0x00,0x00,0x00,0x00,0x00,0x00,0x00,0x00,0x00,0x00,0x00,0x00,0x00,0x00,
0x00,0x00,0x00,0x00,0x00,0x00,0x00,0x00,0x00,0x00,0x00,0x00,0x00,0x00,0x00,0x00,
0x00,0x00,0x00,0x00,0x00,0x00,0x00,0x00,0x00,0x00,0x00,0x00,0x00,0x00,0x00,0x00,
0x00,0x00,0x00,0x00,0x00,0x00,0x00,0x00,0x00,0x00,0x00,0x00,0x00,0x00,0x00,0x00,
0x00,0x00,0x00,0x00,0x00,0x00,0x00,0x00,0x00,0x00,0x00,0x00,0x00,0x00,0x00,0x00,
0x00,0x00,0x00,0x00,0x00,0x00,0x00,0x00,0x00,0x00,0x00,0x00,0x00,0x00,0x00,0x00,
0x00,0x00,0x00,0x00,0x00,0x00,0x00,0x00,0x00,0x00,0x00,0x00,0x00,0x00,0x00,0x00,
0x00,0x00,0x00,0x00,0x00,0x00,0x00,0x00,0x00,0x00,0x00,0x00,0x00,0x00,0x00,0x00,
0x00,0x00,0x00,0x00,0x00,0x00,0x00,0x00,0x00,0x00,0x00,0x00,0x00,0x00,0x00,0x00,
0x00,0x00,0x00,0x00,0x00,0x00,0x00,0x00,0x00,0x00,0x00,0x00,0x00,0x00,0x00,0x00,
0x00,0x00,0x00,0x00,0x00,0x00,0x00,0x00,0x00,0x00,0x00,0x00,0x00,0x00,0x00,0x00,
0x00,0x00,0x00,0x00,0x00,0x00,0x00,0x00,0x00,0x00,0x00,0x00,0x00,0x00,0x00,0x00,
0x00,0x00,0x00,0x00,0x00,0x00,0x00,0x00,0x00,0x00,0x00,0x00,0x00,0x00,0x00,0x00,
0x00,0x00,0x00,0x00,0x00,0x00,0x00,0x00,0x00,0x00,0x00,0x00,0x00,0x00,0x00,0x00,
0x00,0x00,0x00,0x00,0x00,0x00,0x00,0x00,0x00,0x00,0x00,0x00,0x00,0x00,0x00,0x00,
0x00,0x00,0x00,0x00,0x00,0x00,0x00,0x00,0x00,0x00,0x00,0x00,0x00,0x00,0x00,0x00,
0x00,0x00,0x00,0x00,0x00,0x00,0x00,0x00,0x00,0x00,0x00,0x00,0x00,0x00,0x00,0x00,
0x00,0x00,0x00,0x00,0x00,0x00,0x00,0x00,0x00,0x00,0x00,0x00,0x00,0x00,0x00,0x00,
0x00,0x00,0x00,0x00,0x00,0x00,0x00,0x00,0x00,0x00,0x00,0x00,0x00,0x00,0x00,0x00,
0x00,0x00,0x00,0x00,0x00,0x00,0x00,0x00,0x00,0x00,0x00,0x00,0x00,0x00,0x00,0x00,
0x00,0x00,0x00,0x00,0x00,0x00,0x00,0x00,0x00,0x00,0x00,0x00,0x00,0x00,0x00,0x00,
0x00,0x00,0x00,0x00,0x00,0x00,0x00,0x00,0x00,0x00,0x00,0x00,0x00,0x00,0x00,0x00,
0x00,0x00,0x00,0x00,0x00,0x00,0x00,0x00,0x00,0x00,0x00,0x00,0x00,0x00,0x00,0x00,
0x00,0x00,0x00,0x00,0x00,0x00,0x00,0x00,0x00,0x00,0x00,0x00,0x00,0x00,0x00,0x00,
0x00,0x00,0x00,0x00,0x00,0x00,0x00,0x00,0x00,0x00,0x00,0x00,0x00,0x00,0x00,0x00,
0x00,0x00,0x00,0x00,0x00,0x00,0x00,0x00,0x00,0x00,0x00,0x00,0x00,0x00,0x00,0x00,
0x00,0x00,0x00,0x00,0x00,0x00,0x00,0x00,0x00,0x00,0x00,0x00,0x00,0x00,0x00,0x00,
0x00,0x00,0x00,0x00,0x00,0x00,0x00,0x00,0x00,0x00,0x00,0x00,0x00,0x00,0x00,0x00,
0x00,0x00,0x00,0x00,0x00,0x00,0x00,0x00,0x00,0x00,0x00,0x00,0x00,0x00,0x00,0x00,
0x00,0x00,0x00,0x00,0x00,0x00,0x00,0x00,0x00,0x00,0x00,0x00,0x00,0x00,0x00,0x00,
0x00,0x00,0x00,0x00,0x00,0x00,0x00,0x00,0x00,0x00,0x00,0x00,0x00,0x00,0x00,0x00,
0x00,0x00,0x00,0x00,0x00,0x00,0x00,0x00,0x00,0x00,0x00,0x00,0x00,0x00,0x00,0x00,
0x00,0x00,0x00,0x00,0x00,0x00,0x00,0x00,0x00,0x00,0x00,0x00,0x00,0x00,0x00,0x00,
0x00,0x00,0x00,0x00,0x00,0x00,0x00,0x00,0x00,0x00,0x00,0x00,0x00,0x00,0x00,0x00,
0x00,0x00,0x00,0x00,0x00,0x00,0x00,0x00,0x00,0x00,0x00,0x00,0x00,0x00,0x00,0x00,
0x00,0x00,0x00,0x00,0x00,0x00,0x00,0x00,0x00,0x00,0x00,0x00,0x00,0x00,0x00,0x00,
0x00,0x00,0x00,0x00,0x00,0x00,0x00,0x00,0x00,0x00,0x00,0x00,0x00,0x00,0x00,0x00,
0x00,0x00,0x00,0x00,0x00,0x00,0x00,0x00,0x00,0x00,0x00,0x00,0x00,0x00,0x00,0x00,
0x00,0x00,0x00,0x00,0x00,0x00,0x00,0x00,0x00,0x00,0x00,0x00,0x00,0x00,0x00,0x00,
0x00,0x00,0x00,0x00,0x00,0x00,0x00,0x00,0x00,0x00,0x00,0x00,0x00,0x00,0x00,0x00,
};